2026-03-04 01:17:22 WARN  [] [HikariPool-1:housekeeper] com.zaxxer.hikari.pool.HikariPool : HikariPool-1 - Thread starvation or clock leap detected (housekeeper delta=17m1s86ms).
2026-03-04 01:34:08 WARN  [] [HikariPool-1:housekeeper] com.zaxxer.hikari.pool.HikariPool : HikariPool-1 - Thread starvation or clock leap detected (housekeeper delta=16m16s798ms).
2026-03-04 01:50:59 WARN  [] [HikariPool-1:housekeeper] com.zaxxer.hikari.pool.HikariPool : HikariPool-1 - Thread starvation or clock leap detected (housekeeper delta=16m21s21ms).
2026-03-04 02:07:53 WARN  [] [HikariPool-1:housekeeper] com.zaxxer.hikari.pool.HikariPool : HikariPool-1 - Thread starvation or clock leap detected (housekeeper delta=16m54s31ms).
2026-03-04 02:26:42 WARN  [] [HikariPool-1:housekeeper] com.zaxxer.hikari.pool.HikariPool : HikariPool-1 - Thread starvation or clock leap detected (housekeeper delta=18m18s42ms).
2026-03-04 02:42:43 WARN  [] [HikariPool-1:housekeeper] com.zaxxer.hikari.pool.HikariPool : HikariPool-1 - Thread starvation or clock leap detected (housekeeper delta=15m30s995ms).
2026-03-04 04:34:44 WARN  [] [HikariPool-1:housekeeper] com.zaxxer.hikari.pool.HikariPool : HikariPool-1 - Retrograde clock change detected (housekeeper delta=29s806ms), soft-evicting connections from pool.
2026-03-04 05:36:15 WARN  [] [HikariPool-1:housekeeper] com.zaxxer.hikari.pool.HikariPool : HikariPool-1 - Retrograde clock change detected (housekeeper delta=29s821ms), soft-evicting connections from pool.
2026-03-04 05:53:40 WARN  [] [HikariPool-1:housekeeper] com.zaxxer.hikari.pool.HikariPool : HikariPool-1 - Thread starvation or clock leap detected (housekeeper delta=4m25s441ms).
2026-03-04 08:44:12 WARN  [] [HikariPool-1:housekeeper] com.zaxxer.hikari.pool.HikariPool : HikariPool-1 - Retrograde clock change detected (housekeeper delta=29s862ms), soft-evicting connections from pool.
2026-03-04 09:20:49 WARN  [] [HikariPool-1:housekeeper] com.zaxxer.hikari.pool.HikariPool : HikariPool-1 - Thread starvation or clock leap detected (housekeeper delta=17m5s557ms).
2026-03-04 09:37:11 WARN  [] [HikariPool-1:housekeeper] com.zaxxer.hikari.pool.HikariPool : HikariPool-1 - Thread starvation or clock leap detected (housekeeper delta=15m51s548ms).
2026-03-04 10:50:45 WARN  [] [HikariPool-1:housekeeper] com.zaxxer.hikari.pool.HikariPool : HikariPool-1 - Thread starvation or clock leap detected (housekeeper delta=2m17s921ms).
2026-03-04 10:51:53 WARN  [] [HikariPool-1:housekeeper] com.zaxxer.hikari.pool.HikariPool : HikariPool-1 - Thread starvation or clock leap detected (housekeeper delta=1m8s373ms).
2026-03-04 10:54:04 WARN  [] [HikariPool-1:housekeeper] com.zaxxer.hikari.pool.HikariPool : HikariPool-1 - Thread starvation or clock leap detected (housekeeper delta=1m40s841ms).
2026-03-04 10:56:24 WARN  [] [HikariPool-1:housekeeper] com.zaxxer.hikari.pool.HikariPool : HikariPool-1 - Thread starvation or clock leap detected (housekeeper delta=1m19s8ms).
2026-03-04 10:59:17 WARN  [] [HikariPool-1:housekeeper] com.zaxxer.hikari.pool.HikariPool : HikariPool-1 - Thread starvation or clock leap detected (housekeeper delta=1m52s108ms).
2026-03-04 11:00:36 WARN  [] [HikariPool-1:housekeeper] com.zaxxer.hikari.pool.HikariPool : HikariPool-1 - Thread starvation or clock leap detected (housekeeper delta=48s757ms).
2026-03-04 11:04:37 WARN  [] [HikariPool-1:housekeeper] com.zaxxer.hikari.pool.HikariPool : HikariPool-1 - Thread starvation or clock leap detected (housekeeper delta=4m690ms).
2026-03-04 11:06:41 WARN  [] [HikariPool-1:housekeeper] com.zaxxer.hikari.pool.HikariPool : HikariPool-1 - Thread starvation or clock leap detected (housekeeper delta=1m34s561ms).
2026-03-04 11:20:26 WARN  [] [HikariPool-1:housekeeper] com.zaxxer.hikari.pool.HikariPool : HikariPool-1 - Thread starvation or clock leap detected (housekeeper delta=13m44s329ms).
2026-03-04 11:23:56 WARN  [] [HikariPool-1:housekeeper] com.zaxxer.hikari.pool.HikariPool : HikariPool-1 - Thread starvation or clock leap detected (housekeeper delta=52s920ms).
2026-03-04 11:25:24 WARN  [] [HikariPool-1:housekeeper] com.zaxxer.hikari.pool.HikariPool : HikariPool-1 - Thread starvation or clock leap detected (housekeeper delta=57s533ms).
2026-03-04 12:15:33 INFO  [] [SpringApplicationShutdownHook] n.d.b.g.s.s.GrpcServerLifecycle : Completed gRPC server shutdown
2026-03-04 12:15:33 INFO  [] [SpringApplicationShutdownHook] o.s.b.w.e.tomcat.GracefulShutdown : Commencing graceful shutdown. Waiting for active requests to complete
2026-03-04 12:15:33 INFO  [] [tomcat-shutdown] o.s.b.w.e.tomcat.GracefulShutdown : Graceful shutdown complete
2026-03-04 12:15:33 INFO  [] [SpringApplicationShutdownHook] o.s.o.j.LocalContainerEntityManagerFactoryBean : Closing JPA EntityManagerFactory for persistence unit 'default'
2026-03-04 12:15:33 INFO  [] [SpringApplicationShutdownHook] com.zaxxer.hikari.HikariDataSource : HikariPool-1 - Shutdown initiated...
2026-03-04 12:15:33 INFO  [] [SpringApplicationShutdownHook] com.zaxxer.hikari.HikariDataSource : HikariPool-1 - Shutdown completed.
2026-03-04 12:19:42 INFO  [] [main] com.planit.PlanitApplication : Starting PlanitApplication using Java 17.0.16 with PID 20909 (/Users/jybill01/Folder/02_Study/03_AWS_Cloud_School/03_Project/03_project/Full/PlanIt-Schedule-svc/build/classes/java/main started by jybill01 in /Users/jybill01/Folder/02_Study/03_AWS_Cloud_School/03_Project/03_project/Full/PlanIt-Schedule-svc)
2026-03-04 12:19:42 INFO  [] [main] com.planit.PlanitApplication : No active profile set, falling back to 1 default profile: "default"
2026-03-04 12:19:42 INFO  [] [main] o.s.d.r.c.RepositoryConfigurationDelegate : Bootstrapping Spring Data JPA repositories in DEFAULT mode.
2026-03-04 12:19:42 INFO  [] [main] o.s.d.r.c.RepositoryConfigurationDelegate : Finished Spring Data repository scanning in 20 ms. Found 3 JPA repository interfaces.
2026-03-04 12:19:43 INFO  [] [main] o.s.b.w.e.tomcat.TomcatWebServer : Tomcat initialized with port 8080 (http)
2026-03-04 12:19:43 INFO  [] [main] o.a.coyote.http11.Http11NioProtocol : Initializing ProtocolHandler ["http-nio-8080"]
2026-03-04 12:19:43 INFO  [] [main] o.a.catalina.core.StandardService : Starting service [Tomcat]
2026-03-04 12:19:43 INFO  [] [main] o.a.catalina.core.StandardEngine : Starting Servlet engine: [Apache Tomcat/10.1.52]
2026-03-04 12:19:43 INFO  [] [main] o.a.c.c.C.[Tomcat].[localhost].[/] : Initializing Spring embedded WebApplicationContext
2026-03-04 12:19:43 INFO  [] [main] o.s.b.w.s.c.ServletWebServerApplicationContext : Root WebApplicationContext: initialization completed in 587 ms
2026-03-04 12:19:43 INFO  [] [main] o.h.jpa.internal.util.LogHelper : HHH000204: Processing PersistenceUnitInfo [name: default]
2026-03-04 12:19:43 INFO  [] [main] org.hibernate.Version : HHH000412: Hibernate ORM core version 6.6.42.Final
2026-03-04 12:19:43 INFO  [] [main] o.h.c.i.RegionFactoryInitiator : HHH000026: Second-level cache disabled
2026-03-04 12:19:43 INFO  [] [main] o.s.o.j.p.SpringPersistenceUnitInfo : No LoadTimeWeaver setup: ignoring JPA class transformer
2026-03-04 12:19:43 INFO  [] [main] com.zaxxer.hikari.HikariDataSource : HikariPool-1 - Starting...
2026-03-04 12:19:43 INFO  [] [main] com.zaxxer.hikari.pool.HikariPool : HikariPool-1 - Added connection org.mariadb.jdbc.Connection@4bfe83d
2026-03-04 12:19:43 INFO  [] [main] com.zaxxer.hikari.HikariDataSource : HikariPool-1 - Start completed.
2026-03-04 12:19:43 INFO  [] [main] o.hibernate.orm.connections.pooling : HHH10001005: Database info:
	Database JDBC URL [Connecting through datasource 'HikariDataSource (HikariPool-1)']
	Database driver: undefined/unknown
	Database version: 12.2.2
	Autocommit mode: undefined/unknown
	Isolation level: undefined/unknown
	Minimum pool size: undefined/unknown
	Maximum pool size: undefined/unknown
2026-03-04 12:19:43 INFO  [] [main] o.h.e.t.j.p.i.JtaPlatformInitiator : HHH000489: No JTA platform available (set 'hibernate.transaction.jta.platform' to enable JTA platform integration)
2026-03-04 12:19:43 WARN  [] [main] o.m.jdbc.message.server.ErrorPacket : Error: 1075-42000: Incorrect table definition; there can be only one auto column and it must be defined as a key
2026-03-04 12:19:43 WARN  [] [main] o.h.t.s.i.ExceptionHandlerLoggedImpl : GenerationTarget encountered exception accepting command : Error executing DDL "alter table if exists goals add column goals_id bigint not null auto_increment" via JDBC [(conn=506) Incorrect table definition; there can be only one auto column and it must be defined as a key]
org.hibernate.tool.schema.spi.CommandAcceptanceException: Error executing DDL "alter table if exists goals add column goals_id bigint not null auto_increment" via JDBC [(conn=506) Incorrect table definition; there can be only one auto column and it must be defined as a key]
	at org.hibernate.tool.schema.internal.exec.GenerationTargetToDatabase.accept(GenerationTargetToDatabase.java:94)
	at org.hibernate.tool.schema.internal.AbstractSchemaMigrator.applySqlString(AbstractSchemaMigrator.java:576)
	at org.hibernate.tool.schema.internal.AbstractSchemaMigrator.applySqlStrings(AbstractSchemaMigrator.java:516)
	at org.hibernate.tool.schema.internal.AbstractSchemaMigrator.migrateTable(AbstractSchemaMigrator.java:334)
	at org.hibernate.tool.schema.internal.GroupedSchemaMigratorImpl.performTablesMigration(GroupedSchemaMigratorImpl.java:84)
	at org.hibernate.tool.schema.internal.AbstractSchemaMigrator.performMigration(AbstractSchemaMigrator.java:233)
	at org.hibernate.tool.schema.internal.AbstractSchemaMigrator.doMigration(AbstractSchemaMigrator.java:112)
	at org.hibernate.tool.schema.spi.SchemaManagementToolCoordinator.performDatabaseAction(SchemaManagementToolCoordinator.java:280)
	at org.hibernate.tool.schema.spi.SchemaManagementToolCoordinator.lambda$process$5(SchemaManagementToolCoordinator.java:144)
	at java.base/java.util.HashMap.forEach(HashMap.java:1421)
	at org.hibernate.tool.schema.spi.SchemaManagementToolCoordinator.process(SchemaManagementToolCoordinator.java:141)
	at org.hibernate.boot.internal.SessionFactoryObserverForSchemaExport.sessionFactoryCreated(SessionFactoryObserverForSchemaExport.java:37)
	at org.hibernate.internal.SessionFactoryObserverChain.sessionFactoryCreated(SessionFactoryObserverChain.java:35)
	at org.hibernate.internal.SessionFactoryImpl.<init>(SessionFactoryImpl.java:324)
	at org.hibernate.boot.internal.SessionFactoryBuilderImpl.build(SessionFactoryBuilderImpl.java:463)
	at org.hibernate.jpa.boot.internal.EntityManagerFactoryBuilderImpl.build(EntityManagerFactoryBuilderImpl.java:1517)
	at org.springframework.orm.jpa.vendor.SpringHibernateJpaPersistenceProvider.createContainerEntityManagerFactory(SpringHibernateJpaPersistenceProvider.java:66)
	at org.springframework.orm.jpa.LocalContainerEntityManagerFactoryBean.createNativeEntityManagerFactory(LocalContainerEntityManagerFactoryBean.java:388)
	at org.springframework.orm.jpa.AbstractEntityManagerFactoryBean.buildNativeEntityManagerFactory(AbstractEntityManagerFactoryBean.java:419)
	at org.springframework.orm.jpa.AbstractEntityManagerFactoryBean.afterPropertiesSet(AbstractEntityManagerFactoryBean.java:400)
	at org.springframework.orm.jpa.LocalContainerEntityManagerFactoryBean.afterPropertiesSet(LocalContainerEntityManagerFactoryBean.java:364)
	at org.springframework.beans.factory.support.AbstractAutowireCapableBeanFactory.invokeInitMethods(AbstractAutowireCapableBeanFactory.java:1873)
	at org.springframework.beans.factory.support.AbstractAutowireCapableBeanFactory.initializeBean(AbstractAutowireCapableBeanFactory.java:1822)
	at org.springframework.beans.factory.support.AbstractAutowireCapableBeanFactory.doCreateBean(AbstractAutowireCapableBeanFactory.java:607)
	at org.springframework.beans.factory.support.AbstractAutowireCapableBeanFactory.createBean(AbstractAutowireCapableBeanFactory.java:529)
	at org.springframework.beans.factory.support.AbstractBeanFactory.lambda$doGetBean$0(AbstractBeanFactory.java:339)
	at org.springframework.beans.factory.support.DefaultSingletonBeanRegistry.getSingleton(DefaultSingletonBeanRegistry.java:373)
	at org.springframework.beans.factory.support.AbstractBeanFactory.doGetBean(AbstractBeanFactory.java:337)
	at org.springframework.beans.factory.support.AbstractBeanFactory.getBean(AbstractBeanFactory.java:207)
	at org.springframework.context.support.AbstractApplicationContext.finishBeanFactoryInitialization(AbstractApplicationContext.java:974)
	at org.springframework.context.support.AbstractApplicationContext.refresh(AbstractApplicationContext.java:628)
	at org.springframework.boot.web.servlet.context.ServletWebServerApplicationContext.refresh(ServletWebServerApplicationContext.java:146)
	at org.springframework.boot.SpringApplication.refresh(SpringApplication.java:752)
	at org.springframework.boot.SpringApplication.refreshContext(SpringApplication.java:439)
	at org.springframework.boot.SpringApplication.run(SpringApplication.java:318)
	at org.springframework.boot.SpringApplication.run(SpringApplication.java:1361)
	at org.springframework.boot.SpringApplication.run(SpringApplication.java:1350)
	at com.planit.PlanitApplication.main(PlanitApplication.java:18)
Caused by: java.sql.SQLSyntaxErrorException: (conn=506) Incorrect table definition; there can be only one auto column and it must be defined as a key
	at org.mariadb.jdbc.export.ExceptionFactory.createException(ExceptionFactory.java:309)
	at org.mariadb.jdbc.export.ExceptionFactory.create(ExceptionFactory.java:403)
	at org.mariadb.jdbc.message.ClientMessage.readPacket(ClientMessage.java:196)
	at org.mariadb.jdbc.client.impl.StandardClient.readPacket(StandardClient.java:1411)
	at org.mariadb.jdbc.client.impl.StandardClient.readResults(StandardClient.java:1350)
	at org.mariadb.jdbc.client.impl.StandardClient.readResponse(StandardClient.java:1269)
	at org.mariadb.jdbc.client.impl.StandardClient.execute(StandardClient.java:1193)
	at org.mariadb.jdbc.Statement.executeInternal(Statement.java:1003)
	at org.mariadb.jdbc.Statement.execute(Statement.java:1132)
	at org.mariadb.jdbc.Statement.execute(Statement.java:471)
	at com.zaxxer.hikari.pool.ProxyStatement.execute(ProxyStatement.java:95)
	at com.zaxxer.hikari.pool.HikariProxyStatement.execute(HikariProxyStatement.java)
	at org.hibernate.tool.schema.internal.exec.GenerationTargetToDatabase.accept(GenerationTargetToDatabase.java:80)
	... 37 common frames omitted
2026-03-04 12:19:43 INFO  [] [main] o.s.o.j.LocalContainerEntityManagerFactoryBean : Initialized JPA EntityManagerFactory for persistence unit 'default'
2026-03-04 12:19:43 WARN  [] [main] o.s.b.a.o.j.JpaBaseConfiguration$JpaWebConfiguration : spring.jpa.open-in-view is enabled by default. Therefore, database queries may be performed during view rendering. Explicitly configure spring.jpa.open-in-view to disable this warning
2026-03-04 12:19:44 INFO  [] [main] n.d.b.g.s.a.GrpcServerFactoryAutoConfiguration : Detected grpc-netty-shaded: Creating ShadedNettyGrpcServerFactory
2026-03-04 12:19:44 INFO  [] [main] n.d.b.g.c.a.GrpcClientAutoConfiguration : Detected grpc-netty-shaded: Creating ShadedNettyChannelFactory + InProcessChannelFactory
2026-03-04 12:19:44 INFO  [] [main] o.s.b.a.e.web.EndpointLinksResolver : Exposing 2 endpoints beneath base path '/api/v1/base/actuator'
2026-03-04 12:19:44 INFO  [] [main] o.a.coyote.http11.Http11NioProtocol : Starting ProtocolHandler ["http-nio-8080"]
2026-03-04 12:19:44 INFO  [] [main] o.s.b.w.e.tomcat.TomcatWebServer : Tomcat started on port 8080 (http) with context path '/'
2026-03-04 12:19:44 INFO  [] [main] n.d.b.g.s.s.AbstractGrpcServerFactory : Registered gRPC service: BaseTestGrpcService, bean: baseGrpcController, class: com.planit.basetemplate.grpc.BaseGrpcController
2026-03-04 12:19:44 INFO  [] [main] n.d.b.g.s.s.AbstractGrpcServerFactory : Registered gRPC service: grpc.health.v1.Health, bean: grpcHealthService, class: io.grpc.protobuf.services.HealthServiceImpl
2026-03-04 12:19:44 INFO  [] [main] n.d.b.g.s.s.AbstractGrpcServerFactory : Registered gRPC service: grpc.reflection.v1alpha.ServerReflection, bean: protoReflectionService, class: io.grpc.protobuf.services.ProtoReflectionService
2026-03-04 12:19:44 INFO  [] [main] n.d.b.g.s.s.GrpcServerLifecycle : gRPC Server started, listening on address: *, port: 9090
2026-03-04 12:19:44 INFO  [] [main] com.planit.PlanitApplication : Started PlanitApplication in 2.024 seconds (process running for 2.187)
2026-03-04 12:19:49 INFO  [] [http-nio-8080-exec-1] o.a.c.c.C.[Tomcat].[localhost].[/] : Initializing Spring DispatcherServlet 'dispatcherServlet'
2026-03-04 12:19:49 INFO  [] [http-nio-8080-exec-1] o.s.web.servlet.DispatcherServlet : Initializing Servlet 'dispatcherServlet'
2026-03-04 12:19:49 INFO  [] [http-nio-8080-exec-1] o.s.web.servlet.DispatcherServlet : Completed initialization in 1 ms
2026-03-04 12:19:49 WARN  [69a7a4d53bd69cc4547ec6823a437163] [http-nio-8080-exec-1] o.m.jdbc.message.server.ErrorPacket : Error: 1054-42S22: Unknown column 'gd1_0.goals_id' in 'SELECT'
2026-03-04 12:19:49 WARN  [69a7a4d53bd69cc4547ec6823a437163] [http-nio-8080-exec-1] o.h.e.jdbc.spi.SqlExceptionHelper : SQL Error: 1054, SQLState: 42S22
2026-03-04 12:19:49 ERROR [69a7a4d53bd69cc4547ec6823a437163] [http-nio-8080-exec-1] o.h.e.jdbc.spi.SqlExceptionHelper : (conn=506) Unknown column 'gd1_0.goals_id' in 'SELECT'
2026-03-04 12:19:49 INFO  [69a7a4d53bd69cc4547ec6823a437163] [http-nio-8080-exec-1] o.h.e.i.DefaultLoadEventListener : HHH000327: Error performing load command
org.hibernate.exception.SQLGrammarException: JDBC exception executing SQL [select gd1_0.goals_id,gd1_0.category_id,gd1_0.created_at,gd1_0.deleted_at,gd1_0.end_date,gd1_0.start_date,gd1_0.title,gd1_0.updated_at from goals gd1_0 where gd1_0.goals_id=? and (gd1_0.deleted_at IS NULL)] [(conn=506) Unknown column 'gd1_0.goals_id' in 'SELECT'] [n/a]
	at org.hibernate.exception.internal.SQLExceptionTypeDelegate.convert(SQLExceptionTypeDelegate.java:66)
	at org.hibernate.exception.internal.StandardSQLExceptionConverter.convert(StandardSQLExceptionConverter.java:58)
	at org.hibernate.engine.jdbc.spi.SqlExceptionHelper.convert(SqlExceptionHelper.java:108)
	at org.hibernate.engine.jdbc.spi.SqlExceptionHelper.convert(SqlExceptionHelper.java:94)
	at org.hibernate.sql.results.jdbc.internal.DeferredResultSetAccess.executeQuery(DeferredResultSetAccess.java:269)
	at org.hibernate.sql.results.jdbc.internal.DeferredResultSetAccess.getResultSet(DeferredResultSetAccess.java:172)
	at org.hibernate.sql.results.jdbc.internal.JdbcValuesResultSetImpl.<init>(JdbcValuesResultSetImpl.java:74)
	at org.hibernate.sql.exec.internal.JdbcSelectExecutorStandardImpl.resolveJdbcValuesSource(JdbcSelectExecutorStandardImpl.java:355)
	at org.hibernate.sql.exec.internal.JdbcSelectExecutorStandardImpl.doExecuteQuery(JdbcSelectExecutorStandardImpl.java:137)
	at org.hibernate.sql.exec.internal.JdbcSelectExecutorStandardImpl.executeQuery(JdbcSelectExecutorStandardImpl.java:102)
	at org.hibernate.sql.exec.spi.JdbcSelectExecutor.executeQuery(JdbcSelectExecutor.java:91)
	at org.hibernate.sql.exec.spi.JdbcSelectExecutor.list(JdbcSelectExecutor.java:165)
	at org.hibernate.loader.ast.internal.SingleIdLoadPlan.load(SingleIdLoadPlan.java:145)
	at org.hibernate.loader.ast.internal.SingleIdLoadPlan.load(SingleIdLoadPlan.java:117)
	at org.hibernate.loader.ast.internal.SingleIdEntityLoaderStandardImpl.load(SingleIdEntityLoaderStandardImpl.java:74)
	at org.hibernate.persister.entity.AbstractEntityPersister.doLoad(AbstractEntityPersister.java:3908)
	at org.hibernate.persister.entity.AbstractEntityPersister.load(AbstractEntityPersister.java:3897)
	at org.hibernate.event.internal.DefaultLoadEventListener.loadFromDatasource(DefaultLoadEventListener.java:604)
	at org.hibernate.event.internal.DefaultLoadEventListener.loadFromCacheOrDatasource(DefaultLoadEventListener.java:590)
	at org.hibernate.event.internal.DefaultLoadEventListener.load(DefaultLoadEventListener.java:560)
	at org.hibernate.event.internal.DefaultLoadEventListener.doLoad(DefaultLoadEventListener.java:544)
	at org.hibernate.event.internal.DefaultLoadEventListener.load(DefaultLoadEventListener.java:206)
	at org.hibernate.event.internal.DefaultLoadEventListener.loadWithRegularProxy(DefaultLoadEventListener.java:289)
	at org.hibernate.event.internal.DefaultLoadEventListener.proxyOrLoad(DefaultLoadEventListener.java:241)
	at org.hibernate.event.internal.DefaultLoadEventListener.doOnLoad(DefaultLoadEventListener.java:110)
	at org.hibernate.event.internal.DefaultLoadEventListener.onLoad(DefaultLoadEventListener.java:69)
	at org.hibernate.event.service.internal.EventListenerGroupImpl.fireEventOnEachListener(EventListenerGroupImpl.java:138)
	at org.hibernate.internal.SessionImpl.fireLoadNoChecks(SessionImpl.java:1229)
	at org.hibernate.internal.SessionImpl.fireLoad(SessionImpl.java:1217)
	at org.hibernate.loader.internal.IdentifierLoadAccessImpl.load(IdentifierLoadAccessImpl.java:210)
	at org.hibernate.loader.internal.IdentifierLoadAccessImpl.doLoad(IdentifierLoadAccessImpl.java:161)
	at org.hibernate.loader.internal.IdentifierLoadAccessImpl.lambda$load$1(IdentifierLoadAccessImpl.java:150)
	at org.hibernate.loader.internal.IdentifierLoadAccessImpl.perform(IdentifierLoadAccessImpl.java:113)
	at org.hibernate.loader.internal.IdentifierLoadAccessImpl.load(IdentifierLoadAccessImpl.java:150)
	at org.hibernate.internal.SessionImpl.find(SessionImpl.java:2459)
	at org.hibernate.internal.SessionImpl.find(SessionImpl.java:2430)
	at java.base/jdk.internal.reflect.NativeMethodAccessorImpl.invoke0(Native Method)
	at java.base/jdk.internal.reflect.NativeMethodAccessorImpl.invoke(NativeMethodAccessorImpl.java:77)
	at java.base/jdk.internal.reflect.DelegatingMethodAccessorImpl.invoke(DelegatingMethodAccessorImpl.java:43)
	at java.base/java.lang.reflect.Method.invoke(Method.java:569)
	at org.springframework.orm.jpa.ExtendedEntityManagerCreator$ExtendedEntityManagerInvocationHandler.invoke(ExtendedEntityManagerCreator.java:364)
	at jdk.proxy2/jdk.proxy2.$Proxy160.find(Unknown Source)
	at java.base/jdk.internal.reflect.NativeMethodAccessorImpl.invoke0(Native Method)
	at java.base/jdk.internal.reflect.NativeMethodAccessorImpl.invoke(NativeMethodAccessorImpl.java:77)
	at java.base/jdk.internal.reflect.DelegatingMethodAccessorImpl.invoke(DelegatingMethodAccessorImpl.java:43)
	at java.base/java.lang.reflect.Method.invoke(Method.java:569)
	at org.springframework.orm.jpa.SharedEntityManagerCreator$SharedEntityManagerInvocationHandler.invoke(SharedEntityManagerCreator.java:320)
	at jdk.proxy2/jdk.proxy2.$Proxy160.find(Unknown Source)
	at org.springframework.data.jpa.repository.support.SimpleJpaRepository.findById(SimpleJpaRepository.java:335)
	at java.base/jdk.internal.reflect.NativeMethodAccessorImpl.invoke0(Native Method)
	at java.base/jdk.internal.reflect.NativeMethodAccessorImpl.invoke(NativeMethodAccessorImpl.java:77)
	at java.base/jdk.internal.reflect.DelegatingMethodAccessorImpl.invoke(DelegatingMethodAccessorImpl.java:43)
	at java.base/java.lang.reflect.Method.invoke(Method.java:569)
	at org.springframework.aop.support.AopUtils.invokeJoinpointUsingReflection(AopUtils.java:360)
	at org.springframework.data.repository.core.support.RepositoryMethodInvoker$RepositoryFragmentMethodInvoker.lambda$new$0(RepositoryMethodInvoker.java:277)
	at org.springframework.data.repository.core.support.RepositoryMethodInvoker.doInvoke(RepositoryMethodInvoker.java:170)
	at org.springframework.data.repository.core.support.RepositoryMethodInvoker.invoke(RepositoryMethodInvoker.java:158)
	at org.springframework.data.repository.core.support.RepositoryComposition$RepositoryFragments.invoke(RepositoryComposition.java:515)
	at org.springframework.data.repository.core.support.RepositoryComposition.invoke(RepositoryComposition.java:284)
	at org.springframework.data.repository.core.support.RepositoryFactorySupport$ImplementationMethodExecutionInterceptor.invoke(RepositoryFactorySupport.java:720)
	at org.springframework.aop.framework.ReflectiveMethodInvocation.proceed(ReflectiveMethodInvocation.java:184)
	at org.springframework.data.repository.core.support.QueryExecutorMethodInterceptor.doInvoke(QueryExecutorMethodInterceptor.java:174)
	at org.springframework.data.repository.core.support.QueryExecutorMethodInterceptor.invoke(QueryExecutorMethodInterceptor.java:149)
	at org.springframework.aop.framework.ReflectiveMethodInvocation.proceed(ReflectiveMethodInvocation.java:184)
	at org.springframework.data.projection.DefaultMethodInvokingMethodInterceptor.invoke(DefaultMethodInvokingMethodInterceptor.java:69)
	at org.springframework.aop.framework.ReflectiveMethodInvocation.proceed(ReflectiveMethodInvocation.java:184)
	at org.springframework.transaction.interceptor.TransactionAspectSupport.invokeWithinTransaction(TransactionAspectSupport.java:380)
	at org.springframework.transaction.interceptor.TransactionInterceptor.invoke(TransactionInterceptor.java:119)
	at org.springframework.aop.framework.ReflectiveMethodInvocation.proceed(ReflectiveMethodInvocation.java:184)
	at org.springframework.dao.support.PersistenceExceptionTranslationInterceptor.invoke(PersistenceExceptionTranslationInterceptor.java:138)
	at org.springframework.aop.framework.ReflectiveMethodInvocation.proceed(ReflectiveMethodInvocation.java:184)
	at org.springframework.data.jpa.repository.support.CrudMethodMetadataPostProcessor$CrudMethodMetadataPopulatingMethodInterceptor.invoke(CrudMethodMetadataPostProcessor.java:165)
	at org.springframework.aop.framework.ReflectiveMethodInvocation.proceed(ReflectiveMethodInvocation.java:184)
	at org.springframework.aop.framework.JdkDynamicAopProxy.invoke(JdkDynamicAopProxy.java:223)
	at jdk.proxy2/jdk.proxy2.$Proxy166.findById(Unknown Source)
	at com.planit.goal.GoalService.deleteGoal(GoalService.java:70)
	at java.base/jdk.internal.reflect.NativeMethodAccessorImpl.invoke0(Native Method)
	at java.base/jdk.internal.reflect.NativeMethodAccessorImpl.invoke(NativeMethodAccessorImpl.java:77)
	at java.base/jdk.internal.reflect.DelegatingMethodAccessorImpl.invoke(DelegatingMethodAccessorImpl.java:43)
	at java.base/java.lang.reflect.Method.invoke(Method.java:569)
	at org.springframework.aop.support.AopUtils.invokeJoinpointUsingReflection(AopUtils.java:360)
	at org.springframework.aop.framework.ReflectiveMethodInvocation.invokeJoinpoint(ReflectiveMethodInvocation.java:196)
	at org.springframework.aop.framework.ReflectiveMethodInvocation.proceed(ReflectiveMethodInvocation.java:163)
	at org.springframework.transaction.interceptor.TransactionAspectSupport.invokeWithinTransaction(TransactionAspectSupport.java:380)
	at org.springframework.transaction.interceptor.TransactionInterceptor.invoke(TransactionInterceptor.java:119)
	at org.springframework.aop.framework.ReflectiveMethodInvocation.proceed(ReflectiveMethodInvocation.java:184)
	at org.springframework.aop.framework.CglibAopProxy$DynamicAdvisedInterceptor.intercept(CglibAopProxy.java:728)
	at com.planit.goal.GoalService$$SpringCGLIB$$0.deleteGoal(<generated>)
	at com.planit.goal.GoalController.deleteGoal(GoalController.java:37)
	at java.base/jdk.internal.reflect.NativeMethodAccessorImpl.invoke0(Native Method)
	at java.base/jdk.internal.reflect.NativeMethodAccessorImpl.invoke(NativeMethodAccessorImpl.java:77)
	at java.base/jdk.internal.reflect.DelegatingMethodAccessorImpl.invoke(DelegatingMethodAccessorImpl.java:43)
	at java.base/java.lang.reflect.Method.invoke(Method.java:569)
	at org.springframework.web.method.support.InvocableHandlerMethod.doInvoke(InvocableHandlerMethod.java:258)
	at org.springframework.web.method.support.InvocableHandlerMethod.invokeForRequest(InvocableHandlerMethod.java:191)
	at org.springframework.web.servlet.mvc.method.annotation.ServletInvocableHandlerMethod.invokeAndHandle(ServletInvocableHandlerMethod.java:118)
	at org.springframework.web.servlet.mvc.method.annotation.RequestMappingHandlerAdapter.invokeHandlerMethod(RequestMappingHandlerAdapter.java:991)
	at org.springframework.web.servlet.mvc.method.annotation.RequestMappingHandlerAdapter.handleInternal(RequestMappingHandlerAdapter.java:896)
	at org.springframework.web.servlet.mvc.method.AbstractHandlerMethodAdapter.handle(AbstractHandlerMethodAdapter.java:87)
	at org.springframework.web.servlet.DispatcherServlet.doDispatch(DispatcherServlet.java:1089)
	at org.springframework.web.servlet.DispatcherServlet.doService(DispatcherServlet.java:979)
	at org.springframework.web.servlet.FrameworkServlet.processRequest(FrameworkServlet.java:1014)
	at org.springframework.web.servlet.FrameworkServlet.doDelete(FrameworkServlet.java:936)
	at jakarta.servlet.http.HttpServlet.service(HttpServlet.java:596)
	at org.springframework.web.servlet.FrameworkServlet.service(FrameworkServlet.java:885)
	at jakarta.servlet.http.HttpServlet.service(HttpServlet.java:658)
	at org.apache.catalina.core.ApplicationFilterChain.internalDoFilter(ApplicationFilterChain.java:193)
	at org.apache.catalina.core.ApplicationFilterChain.doFilter(ApplicationFilterChain.java:138)
	at org.apache.tomcat.websocket.server.WsFilter.doFilter(WsFilter.java:51)
	at org.apache.catalina.core.ApplicationFilterChain.internalDoFilter(ApplicationFilterChain.java:162)
	at org.apache.catalina.core.ApplicationFilterChain.doFilter(ApplicationFilterChain.java:138)
	at org.springframework.web.filter.RequestContextFilter.doFilterInternal(RequestContextFilter.java:100)
	at org.springframework.web.filter.OncePerRequestFilter.doFilter(OncePerRequestFilter.java:116)
	at org.apache.catalina.core.ApplicationFilterChain.internalDoFilter(ApplicationFilterChain.java:162)
	at org.apache.catalina.core.ApplicationFilterChain.doFilter(ApplicationFilterChain.java:138)
	at org.springframework.web.filter.FormContentFilter.doFilterInternal(FormContentFilter.java:93)
	at org.springframework.web.filter.OncePerRequestFilter.doFilter(OncePerRequestFilter.java:116)
	at org.apache.catalina.core.ApplicationFilterChain.internalDoFilter(ApplicationFilterChain.java:162)
	at org.apache.catalina.core.ApplicationFilterChain.doFilter(ApplicationFilterChain.java:138)
	at org.springframework.web.filter.ServerHttpObservationFilter.doFilterInternal(ServerHttpObservationFilter.java:110)
	at org.springframework.web.filter.OncePerRequestFilter.doFilter(OncePerRequestFilter.java:116)
	at org.apache.catalina.core.ApplicationFilterChain.internalDoFilter(ApplicationFilterChain.java:162)
	at org.apache.catalina.core.ApplicationFilterChain.doFilter(ApplicationFilterChain.java:138)
	at org.springframework.web.filter.CharacterEncodingFilter.doFilterInternal(CharacterEncodingFilter.java:201)
	at org.springframework.web.filter.OncePerRequestFilter.doFilter(OncePerRequestFilter.java:116)
	at org.apache.catalina.core.ApplicationFilterChain.internalDoFilter(ApplicationFilterChain.java:162)
	at org.apache.catalina.core.ApplicationFilterChain.doFilter(ApplicationFilterChain.java:138)
	at org.apache.catalina.core.StandardWrapperValve.invoke(StandardWrapperValve.java:165)
	at org.apache.catalina.core.StandardContextValve.invoke(StandardContextValve.java:88)
	at org.apache.catalina.authenticator.AuthenticatorBase.invoke(AuthenticatorBase.java:492)
	at org.apache.catalina.core.StandardHostValve.invoke(StandardHostValve.java:113)
	at org.apache.catalina.valves.ErrorReportValve.invoke(ErrorReportValve.java:83)
	at org.apache.catalina.core.StandardEngineValve.invoke(StandardEngineValve.java:72)
	at org.apache.catalina.connector.CoyoteAdapter.service(CoyoteAdapter.java:342)
	at org.apache.coyote.http11.Http11Processor.service(Http11Processor.java:399)
	at org.apache.coyote.AbstractProcessorLight.process(AbstractProcessorLight.java:63)
	at org.apache.coyote.AbstractProtocol$ConnectionHandler.process(AbstractProtocol.java:903)
	at org.apache.tomcat.util.net.NioEndpoint$SocketProcessor.doRun(NioEndpoint.java:1775)
	at org.apache.tomcat.util.net.SocketProcessorBase.run(SocketProcessorBase.java:52)
	at org.apache.tomcat.util.threads.ThreadPoolExecutor.runWorker(ThreadPoolExecutor.java:973)
	at org.apache.tomcat.util.threads.ThreadPoolExecutor$Worker.run(ThreadPoolExecutor.java:491)
	at org.apache.tomcat.util.threads.TaskThread$WrappingRunnable.run(TaskThread.java:63)
	at java.base/java.lang.Thread.run(Thread.java:840)
Caused by: java.sql.SQLSyntaxErrorException: (conn=506) Unknown column 'gd1_0.goals_id' in 'SELECT'
	at org.mariadb.jdbc.export.ExceptionFactory.createException(ExceptionFactory.java:309)
	at org.mariadb.jdbc.export.ExceptionFactory.create(ExceptionFactory.java:403)
	at org.mariadb.jdbc.message.ClientMessage.readPacket(ClientMessage.java:196)
	at org.mariadb.jdbc.client.impl.StandardClient.readPacket(StandardClient.java:1411)
	at org.mariadb.jdbc.client.impl.StandardClient.readResults(StandardClient.java:1350)
	at org.mariadb.jdbc.client.impl.StandardClient.readResponse(StandardClient.java:1269)
	at org.mariadb.jdbc.client.impl.StandardClient.execute(StandardClient.java:1193)
	at org.mariadb.jdbc.ClientPreparedStatement.executeInternal(ClientPreparedStatement.java:91)
	at org.mariadb.jdbc.ClientPreparedStatement.executeQuery(ClientPreparedStatement.java:290)
	at com.zaxxer.hikari.pool.ProxyPreparedStatement.executeQuery(ProxyPreparedStatement.java:52)
	at com.zaxxer.hikari.pool.HikariProxyPreparedStatement.executeQuery(HikariProxyPreparedStatement.java)
	at org.hibernate.sql.results.jdbc.internal.DeferredResultSetAccess.executeQuery(DeferredResultSetAccess.java:251)
	... 138 common frames omitted
2026-03-04 12:19:56 INFO  [] [SpringApplicationShutdownHook] n.d.b.g.s.s.GrpcServerLifecycle : Completed gRPC server shutdown
2026-03-04 12:19:56 INFO  [] [SpringApplicationShutdownHook] o.s.b.w.e.tomcat.GracefulShutdown : Commencing graceful shutdown. Waiting for active requests to complete
2026-03-04 12:19:56 INFO  [] [tomcat-shutdown] o.s.b.w.e.tomcat.GracefulShutdown : Graceful shutdown complete
2026-03-04 12:19:56 INFO  [] [SpringApplicationShutdownHook] o.s.o.j.LocalContainerEntityManagerFactoryBean : Closing JPA EntityManagerFactory for persistence unit 'default'
2026-03-04 12:19:56 INFO  [] [SpringApplicationShutdownHook] com.zaxxer.hikari.HikariDataSource : HikariPool-1 - Shutdown initiated...
2026-03-04 12:19:56 INFO  [] [SpringApplicationShutdownHook] com.zaxxer.hikari.HikariDataSource : HikariPool-1 - Shutdown completed.
2026-03-04 12:42:24 INFO  [] [main] com.planit.PlanitApplication : Starting PlanitApplication using Java 17.0.16 with PID 22942 (/Users/jybill01/Folder/02_Study/03_AWS_Cloud_School/03_Project/03_project/Full/PlanIt-Schedule-svc/build/classes/java/main started by jybill01 in /Users/jybill01/Folder/02_Study/03_AWS_Cloud_School/03_Project/03_project/Full/PlanIt-Schedule-svc)
2026-03-04 12:42:24 INFO  [] [main] com.planit.PlanitApplication : No active profile set, falling back to 1 default profile: "default"
2026-03-04 12:42:25 INFO  [] [main] o.s.d.r.c.RepositoryConfigurationDelegate : Bootstrapping Spring Data JPA repositories in DEFAULT mode.
2026-03-04 12:42:25 INFO  [] [main] o.s.d.r.c.RepositoryConfigurationDelegate : Finished Spring Data repository scanning in 20 ms. Found 3 JPA repository interfaces.
2026-03-04 12:42:25 INFO  [] [main] o.s.b.w.e.tomcat.TomcatWebServer : Tomcat initialized with port 8080 (http)
2026-03-04 12:42:25 INFO  [] [main] o.a.coyote.http11.Http11NioProtocol : Initializing ProtocolHandler ["http-nio-8080"]
2026-03-04 12:42:25 INFO  [] [main] o.a.catalina.core.StandardService : Starting service [Tomcat]
2026-03-04 12:42:25 INFO  [] [main] o.a.catalina.core.StandardEngine : Starting Servlet engine: [Apache Tomcat/10.1.52]
2026-03-04 12:42:25 INFO  [] [main] o.a.c.c.C.[Tomcat].[localhost].[/] : Initializing Spring embedded WebApplicationContext
2026-03-04 12:42:25 INFO  [] [main] o.s.b.w.s.c.ServletWebServerApplicationContext : Root WebApplicationContext: initialization completed in 567 ms
2026-03-04 12:42:25 INFO  [] [main] o.h.jpa.internal.util.LogHelper : HHH000204: Processing PersistenceUnitInfo [name: default]
2026-03-04 12:42:25 INFO  [] [main] org.hibernate.Version : HHH000412: Hibernate ORM core version 6.6.42.Final
2026-03-04 12:42:25 INFO  [] [main] o.h.c.i.RegionFactoryInitiator : HHH000026: Second-level cache disabled
2026-03-04 12:42:25 INFO  [] [main] o.s.o.j.p.SpringPersistenceUnitInfo : No LoadTimeWeaver setup: ignoring JPA class transformer
2026-03-04 12:42:25 INFO  [] [main] com.zaxxer.hikari.HikariDataSource : HikariPool-1 - Starting...
2026-03-04 12:42:25 INFO  [] [main] com.zaxxer.hikari.pool.HikariPool : HikariPool-1 - Added connection org.mariadb.jdbc.Connection@4bfe83d
2026-03-04 12:42:25 INFO  [] [main] com.zaxxer.hikari.HikariDataSource : HikariPool-1 - Start completed.
2026-03-04 12:42:25 INFO  [] [main] o.hibernate.orm.connections.pooling : HHH10001005: Database info:
	Database JDBC URL [Connecting through datasource 'HikariDataSource (HikariPool-1)']
	Database driver: undefined/unknown
	Database version: 12.2.2
	Autocommit mode: undefined/unknown
	Isolation level: undefined/unknown
	Minimum pool size: undefined/unknown
	Maximum pool size: undefined/unknown
2026-03-04 12:42:26 INFO  [] [main] o.h.e.t.j.p.i.JtaPlatformInitiator : HHH000489: No JTA platform available (set 'hibernate.transaction.jta.platform' to enable JTA platform integration)
2026-03-04 12:42:26 INFO  [] [main] o.s.o.j.LocalContainerEntityManagerFactoryBean : Initialized JPA EntityManagerFactory for persistence unit 'default'
2026-03-04 12:42:26 WARN  [] [main] o.s.b.a.o.j.JpaBaseConfiguration$JpaWebConfiguration : spring.jpa.open-in-view is enabled by default. Therefore, database queries may be performed during view rendering. Explicitly configure spring.jpa.open-in-view to disable this warning
2026-03-04 12:42:26 INFO  [] [main] n.d.b.g.s.a.GrpcServerFactoryAutoConfiguration : Detected grpc-netty-shaded: Creating ShadedNettyGrpcServerFactory
2026-03-04 12:42:26 INFO  [] [main] n.d.b.g.c.a.GrpcClientAutoConfiguration : Detected grpc-netty-shaded: Creating ShadedNettyChannelFactory + InProcessChannelFactory
2026-03-04 12:42:26 INFO  [] [main] o.s.b.a.e.web.EndpointLinksResolver : Exposing 2 endpoints beneath base path '/api/v1/base/actuator'
2026-03-04 12:42:26 INFO  [] [main] o.a.coyote.http11.Http11NioProtocol : Starting ProtocolHandler ["http-nio-8080"]
2026-03-04 12:42:26 INFO  [] [main] o.s.b.w.e.tomcat.TomcatWebServer : Tomcat started on port 8080 (http) with context path '/'
2026-03-04 12:42:26 INFO  [] [main] n.d.b.g.s.s.AbstractGrpcServerFactory : Registered gRPC service: BaseTestGrpcService, bean: baseGrpcController, class: com.planit.basetemplate.grpc.BaseGrpcController
2026-03-04 12:42:26 INFO  [] [main] n.d.b.g.s.s.AbstractGrpcServerFactory : Registered gRPC service: grpc.health.v1.Health, bean: grpcHealthService, class: io.grpc.protobuf.services.HealthServiceImpl
2026-03-04 12:42:26 INFO  [] [main] n.d.b.g.s.s.AbstractGrpcServerFactory : Registered gRPC service: grpc.reflection.v1alpha.ServerReflection, bean: protoReflectionService, class: io.grpc.protobuf.services.ProtoReflectionService
2026-03-04 12:42:26 INFO  [] [main] n.d.b.g.s.s.GrpcServerLifecycle : gRPC Server started, listening on address: *, port: 9090
2026-03-04 12:42:26 INFO  [] [main] com.planit.PlanitApplication : Started PlanitApplication in 1.897 seconds (process running for 2.084)
2026-03-04 12:43:21 INFO  [] [http-nio-8080-exec-1] o.a.c.c.C.[Tomcat].[localhost].[/] : Initializing Spring DispatcherServlet 'dispatcherServlet'
2026-03-04 12:43:21 INFO  [] [http-nio-8080-exec-1] o.s.web.servlet.DispatcherServlet : Initializing Servlet 'dispatcherServlet'
2026-03-04 12:43:21 INFO  [] [http-nio-8080-exec-1] o.s.web.servlet.DispatcherServlet : Completed initialization in 1 ms
2026-03-04 12:43:36 WARN  [69a7aa68127e62cd62eb505afa9d9690] [http-nio-8080-exec-3] o.m.jdbc.message.server.ErrorPacket : Error: 1054-42S22: Unknown column 'id' in 'WHERE'
2026-03-04 12:43:36 WARN  [69a7aa68127e62cd62eb505afa9d9690] [http-nio-8080-exec-3] o.h.e.jdbc.spi.SqlExceptionHelper : SQL Error: 1054, SQLState: 42S22
2026-03-04 12:43:36 ERROR [69a7aa68127e62cd62eb505afa9d9690] [http-nio-8080-exec-3] o.h.e.jdbc.spi.SqlExceptionHelper : (conn=517) Unknown column 'id' in 'WHERE'
2026-03-04 13:28:50 WARN  [] [HikariPool-1:housekeeper] com.zaxxer.hikari.pool.HikariPool : HikariPool-1 - Thread starvation or clock leap detected (housekeeper delta=17m54s721ms).
2026-03-04 13:30:10 WARN  [] [HikariPool-1:housekeeper] com.zaxxer.hikari.pool.HikariPool : HikariPool-1 - Thread starvation or clock leap detected (housekeeper delta=50s27ms).
2026-03-04 13:32:06 WARN  [] [HikariPool-1:housekeeper] com.zaxxer.hikari.pool.HikariPool : HikariPool-1 - Thread starvation or clock leap detected (housekeeper delta=53s522ms).
2026-03-04 14:14:04 WARN  [] [HikariPool-1:housekeeper] com.zaxxer.hikari.pool.HikariPool : HikariPool-1 - Thread starvation or clock leap detected (housekeeper delta=52s697ms).
2026-03-04 14:15:26 WARN  [] [HikariPool-1:housekeeper] com.zaxxer.hikari.pool.HikariPool : HikariPool-1 - Thread starvation or clock leap detected (housekeeper delta=52s777ms).
2026-03-04 14:16:49 WARN  [] [HikariPool-1:housekeeper] com.zaxxer.hikari.pool.HikariPool : HikariPool-1 - Thread starvation or clock leap detected (housekeeper delta=52s805ms).
2026-03-04 14:17:43 WARN  [] [HikariPool-1:housekeeper] com.zaxxer.hikari.pool.HikariPool : HikariPool-1 - Thread starvation or clock leap detected (housekeeper delta=53s278ms).
2026-03-04 14:19:06 WARN  [] [HikariPool-1:housekeeper] com.zaxxer.hikari.pool.HikariPool : HikariPool-1 - Thread starvation or clock leap detected (housekeeper delta=52s981ms).
2026-03-04 14:19:58 WARN  [] [HikariPool-1:housekeeper] com.zaxxer.hikari.pool.HikariPool : HikariPool-1 - Thread starvation or clock leap detected (housekeeper delta=52s824ms).
2026-03-04 14:23:48 WARN  [] [HikariPool-1:housekeeper] com.zaxxer.hikari.pool.HikariPool : HikariPool-1 - Thread starvation or clock leap detected (housekeeper delta=3m19s759ms).
2026-03-04 14:39:04 INFO  [] [SpringApplicationShutdownHook] n.d.b.g.s.s.GrpcServerLifecycle : Completed gRPC server shutdown
2026-03-04 14:39:04 INFO  [] [SpringApplicationShutdownHook] o.s.b.w.e.tomcat.GracefulShutdown : Commencing graceful shutdown. Waiting for active requests to complete
2026-03-04 14:39:04 INFO  [] [tomcat-shutdown] o.s.b.w.e.tomcat.GracefulShutdown : Graceful shutdown complete
2026-03-04 14:39:04 INFO  [] [SpringApplicationShutdownHook] o.s.o.j.LocalContainerEntityManagerFactoryBean : Closing JPA EntityManagerFactory for persistence unit 'default'
2026-03-04 14:39:04 INFO  [] [SpringApplicationShutdownHook] com.zaxxer.hikari.HikariDataSource : HikariPool-1 - Shutdown initiated...
2026-03-04 14:39:04 INFO  [] [SpringApplicationShutdownHook] com.zaxxer.hikari.HikariDataSource : HikariPool-1 - Shutdown completed.
2026-03-04 14:39:40 INFO  [] [main] com.planit.PlanitApplication : Starting PlanitApplication using Java 17.0.16 with PID 35119 (/Users/jybill01/Folder/02_Study/03_AWS_Cloud_School/03_Project/03_project/Full/PlanIt-Schedule-svc/build/classes/java/main started by jybill01 in /Users/jybill01/Folder/02_Study/03_AWS_Cloud_School/03_Project/03_project/Full/PlanIt-Schedule-svc)
2026-03-04 14:39:40 INFO  [] [main] com.planit.PlanitApplication : No active profile set, falling back to 1 default profile: "default"
2026-03-04 14:39:41 INFO  [] [main] o.s.d.r.c.RepositoryConfigurationDelegate : Bootstrapping Spring Data JPA repositories in DEFAULT mode.
2026-03-04 14:39:41 INFO  [] [main] o.s.d.r.c.RepositoryConfigurationDelegate : Finished Spring Data repository scanning in 26 ms. Found 3 JPA repository interfaces.
2026-03-04 14:39:41 INFO  [] [main] o.s.b.w.e.tomcat.TomcatWebServer : Tomcat initialized with port 8080 (http)
2026-03-04 14:39:41 INFO  [] [main] o.a.coyote.http11.Http11NioProtocol : Initializing ProtocolHandler ["http-nio-8080"]
2026-03-04 14:39:41 INFO  [] [main] o.a.catalina.core.StandardService : Starting service [Tomcat]
2026-03-04 14:39:41 INFO  [] [main] o.a.catalina.core.StandardEngine : Starting Servlet engine: [Apache Tomcat/10.1.52]
2026-03-04 14:39:41 INFO  [] [main] o.a.c.c.C.[Tomcat].[localhost].[/] : Initializing Spring embedded WebApplicationContext
2026-03-04 14:39:41 INFO  [] [main] o.s.b.w.s.c.ServletWebServerApplicationContext : Root WebApplicationContext: initialization completed in 593 ms
2026-03-04 14:39:41 INFO  [] [main] o.h.jpa.internal.util.LogHelper : HHH000204: Processing PersistenceUnitInfo [name: default]
2026-03-04 14:39:41 INFO  [] [main] org.hibernate.Version : HHH000412: Hibernate ORM core version 6.6.42.Final
2026-03-04 14:39:41 INFO  [] [main] o.h.c.i.RegionFactoryInitiator : HHH000026: Second-level cache disabled
2026-03-04 14:39:41 INFO  [] [main] o.s.o.j.p.SpringPersistenceUnitInfo : No LoadTimeWeaver setup: ignoring JPA class transformer
2026-03-04 14:39:41 INFO  [] [main] com.zaxxer.hikari.HikariDataSource : HikariPool-1 - Starting...
2026-03-04 14:39:41 INFO  [] [main] com.zaxxer.hikari.pool.HikariPool : HikariPool-1 - Added connection org.mariadb.jdbc.Connection@75c77add
2026-03-04 14:39:41 INFO  [] [main] com.zaxxer.hikari.HikariDataSource : HikariPool-1 - Start completed.
2026-03-04 14:39:41 INFO  [] [main] o.hibernate.orm.connections.pooling : HHH10001005: Database info:
	Database JDBC URL [Connecting through datasource 'HikariDataSource (HikariPool-1)']
	Database driver: undefined/unknown
	Database version: 12.2.2
	Autocommit mode: undefined/unknown
	Isolation level: undefined/unknown
	Minimum pool size: undefined/unknown
	Maximum pool size: undefined/unknown
2026-03-04 14:39:42 INFO  [] [main] o.h.e.t.j.p.i.JtaPlatformInitiator : HHH000489: No JTA platform available (set 'hibernate.transaction.jta.platform' to enable JTA platform integration)
2026-03-04 14:39:42 INFO  [] [main] o.s.o.j.LocalContainerEntityManagerFactoryBean : Initialized JPA EntityManagerFactory for persistence unit 'default'
2026-03-04 14:39:42 WARN  [] [main] o.s.b.a.o.j.JpaBaseConfiguration$JpaWebConfiguration : spring.jpa.open-in-view is enabled by default. Therefore, database queries may be performed during view rendering. Explicitly configure spring.jpa.open-in-view to disable this warning
2026-03-04 14:39:42 INFO  [] [main] n.d.b.g.s.a.GrpcServerFactoryAutoConfiguration : Detected grpc-netty-shaded: Creating ShadedNettyGrpcServerFactory
2026-03-04 14:39:42 INFO  [] [main] n.d.b.g.c.a.GrpcClientAutoConfiguration : Detected grpc-netty-shaded: Creating ShadedNettyChannelFactory + InProcessChannelFactory
2026-03-04 14:39:42 INFO  [] [main] o.s.b.a.e.web.EndpointLinksResolver : Exposing 2 endpoints beneath base path '/api/v1/base/actuator'
2026-03-04 14:39:42 INFO  [] [main] o.a.coyote.http11.Http11NioProtocol : Starting ProtocolHandler ["http-nio-8080"]
2026-03-04 14:39:42 INFO  [] [main] o.s.b.w.e.tomcat.TomcatWebServer : Tomcat started on port 8080 (http) with context path '/'
2026-03-04 14:39:42 INFO  [] [main] n.d.b.g.s.s.AbstractGrpcServerFactory : Registered gRPC service: BaseTestGrpcService, bean: baseGrpcController, class: com.planit.basetemplate.grpc.BaseGrpcController
2026-03-04 14:39:42 INFO  [] [main] n.d.b.g.s.s.AbstractGrpcServerFactory : Registered gRPC service: grpc.health.v1.Health, bean: grpcHealthService, class: io.grpc.protobuf.services.HealthServiceImpl
2026-03-04 14:39:42 INFO  [] [main] n.d.b.g.s.s.AbstractGrpcServerFactory : Registered gRPC service: grpc.reflection.v1alpha.ServerReflection, bean: protoReflectionService, class: io.grpc.protobuf.services.ProtoReflectionService
2026-03-04 14:39:42 INFO  [] [main] n.d.b.g.s.s.GrpcServerLifecycle : gRPC Server started, listening on address: *, port: 9090
2026-03-04 14:39:42 INFO  [] [main] com.planit.PlanitApplication : Started PlanitApplication in 1.987 seconds (process running for 2.148)
2026-03-04 14:39:49 INFO  [] [http-nio-8080-exec-1] o.a.c.c.C.[Tomcat].[localhost].[/] : Initializing Spring DispatcherServlet 'dispatcherServlet'
2026-03-04 14:39:49 INFO  [] [http-nio-8080-exec-1] o.s.web.servlet.DispatcherServlet : Initializing Servlet 'dispatcherServlet'
2026-03-04 14:39:49 INFO  [] [http-nio-8080-exec-1] o.s.web.servlet.DispatcherServlet : Completed initialization in 1 ms
2026-03-04 14:39:49 WARN  [69a7c5a5908458015f2d9e9a98c8c14a] [http-nio-8080-exec-1] o.m.jdbc.message.server.ErrorPacket : Error: 1054-42S22: Unknown column 'id' in 'WHERE'
2026-03-04 14:39:49 WARN  [69a7c5a5908458015f2d9e9a98c8c14a] [http-nio-8080-exec-1] o.h.e.jdbc.spi.SqlExceptionHelper : SQL Error: 1054, SQLState: 42S22
2026-03-04 14:39:49 ERROR [69a7c5a5908458015f2d9e9a98c8c14a] [http-nio-8080-exec-1] o.h.e.jdbc.spi.SqlExceptionHelper : (conn=557) Unknown column 'id' in 'WHERE'
2026-03-04 14:45:47 INFO  [] [SpringApplicationShutdownHook] n.d.b.g.s.s.GrpcServerLifecycle : Completed gRPC server shutdown
2026-03-04 14:45:47 INFO  [] [SpringApplicationShutdownHook] o.s.b.w.e.tomcat.GracefulShutdown : Commencing graceful shutdown. Waiting for active requests to complete
2026-03-04 14:45:47 INFO  [] [tomcat-shutdown] o.s.b.w.e.tomcat.GracefulShutdown : Graceful shutdown complete
2026-03-04 14:45:47 INFO  [] [SpringApplicationShutdownHook] o.s.o.j.LocalContainerEntityManagerFactoryBean : Closing JPA EntityManagerFactory for persistence unit 'default'
2026-03-04 14:45:47 INFO  [] [SpringApplicationShutdownHook] com.zaxxer.hikari.HikariDataSource : HikariPool-1 - Shutdown initiated...
2026-03-04 14:45:47 INFO  [] [SpringApplicationShutdownHook] com.zaxxer.hikari.HikariDataSource : HikariPool-1 - Shutdown completed.
2026-03-04 14:45:50 INFO  [] [main] com.planit.PlanitApplication : Starting PlanitApplication using Java 17.0.16 with PID 35976 (/Users/jybill01/Folder/02_Study/03_AWS_Cloud_School/03_Project/03_project/Full/PlanIt-Schedule-svc/build/classes/java/main started by jybill01 in /Users/jybill01/Folder/02_Study/03_AWS_Cloud_School/03_Project/03_project/Full/PlanIt-Schedule-svc)
2026-03-04 14:45:50 INFO  [] [main] com.planit.PlanitApplication : No active profile set, falling back to 1 default profile: "default"
2026-03-04 14:45:50 INFO  [] [main] o.s.d.r.c.RepositoryConfigurationDelegate : Bootstrapping Spring Data JPA repositories in DEFAULT mode.
2026-03-04 14:45:50 INFO  [] [main] o.s.d.r.c.RepositoryConfigurationDelegate : Finished Spring Data repository scanning in 20 ms. Found 3 JPA repository interfaces.
2026-03-04 14:45:51 INFO  [] [main] o.s.b.w.e.tomcat.TomcatWebServer : Tomcat initialized with port 8080 (http)
2026-03-04 14:45:51 INFO  [] [main] o.a.coyote.http11.Http11NioProtocol : Initializing ProtocolHandler ["http-nio-8080"]
2026-03-04 14:45:51 INFO  [] [main] o.a.catalina.core.StandardService : Starting service [Tomcat]
2026-03-04 14:45:51 INFO  [] [main] o.a.catalina.core.StandardEngine : Starting Servlet engine: [Apache Tomcat/10.1.52]
2026-03-04 14:45:51 INFO  [] [main] o.a.c.c.C.[Tomcat].[localhost].[/] : Initializing Spring embedded WebApplicationContext
2026-03-04 14:45:51 INFO  [] [main] o.s.b.w.s.c.ServletWebServerApplicationContext : Root WebApplicationContext: initialization completed in 582 ms
2026-03-04 14:45:51 INFO  [] [main] o.h.jpa.internal.util.LogHelper : HHH000204: Processing PersistenceUnitInfo [name: default]
2026-03-04 14:45:51 INFO  [] [main] org.hibernate.Version : HHH000412: Hibernate ORM core version 6.6.42.Final
2026-03-04 14:45:51 INFO  [] [main] o.h.c.i.RegionFactoryInitiator : HHH000026: Second-level cache disabled
2026-03-04 14:45:51 INFO  [] [main] o.s.o.j.p.SpringPersistenceUnitInfo : No LoadTimeWeaver setup: ignoring JPA class transformer
2026-03-04 14:45:51 INFO  [] [main] com.zaxxer.hikari.HikariDataSource : HikariPool-1 - Starting...
2026-03-04 14:45:51 INFO  [] [main] com.zaxxer.hikari.pool.HikariPool : HikariPool-1 - Added connection org.mariadb.jdbc.Connection@4bfe83d
2026-03-04 14:45:51 INFO  [] [main] com.zaxxer.hikari.HikariDataSource : HikariPool-1 - Start completed.
2026-03-04 14:45:51 INFO  [] [main] o.hibernate.orm.connections.pooling : HHH10001005: Database info:
	Database JDBC URL [Connecting through datasource 'HikariDataSource (HikariPool-1)']
	Database driver: undefined/unknown
	Database version: 12.2.2
	Autocommit mode: undefined/unknown
	Isolation level: undefined/unknown
	Minimum pool size: undefined/unknown
	Maximum pool size: undefined/unknown
2026-03-04 14:45:51 INFO  [] [main] o.h.e.t.j.p.i.JtaPlatformInitiator : HHH000489: No JTA platform available (set 'hibernate.transaction.jta.platform' to enable JTA platform integration)
2026-03-04 14:45:51 INFO  [] [main] o.s.o.j.LocalContainerEntityManagerFactoryBean : Initialized JPA EntityManagerFactory for persistence unit 'default'
2026-03-04 14:45:51 WARN  [] [main] o.s.b.a.o.j.JpaBaseConfiguration$JpaWebConfiguration : spring.jpa.open-in-view is enabled by default. Therefore, database queries may be performed during view rendering. Explicitly configure spring.jpa.open-in-view to disable this warning
2026-03-04 14:45:52 INFO  [] [main] n.d.b.g.s.a.GrpcServerFactoryAutoConfiguration : Detected grpc-netty-shaded: Creating ShadedNettyGrpcServerFactory
2026-03-04 14:45:52 INFO  [] [main] n.d.b.g.c.a.GrpcClientAutoConfiguration : Detected grpc-netty-shaded: Creating ShadedNettyChannelFactory + InProcessChannelFactory
2026-03-04 14:45:52 INFO  [] [main] o.s.b.a.e.web.EndpointLinksResolver : Exposing 2 endpoints beneath base path '/api/v1/base/actuator'
2026-03-04 14:45:52 INFO  [] [main] o.a.coyote.http11.Http11NioProtocol : Starting ProtocolHandler ["http-nio-8080"]
2026-03-04 14:45:52 INFO  [] [main] o.s.b.w.e.tomcat.TomcatWebServer : Tomcat started on port 8080 (http) with context path '/'
2026-03-04 14:45:52 INFO  [] [main] n.d.b.g.s.s.AbstractGrpcServerFactory : Registered gRPC service: BaseTestGrpcService, bean: baseGrpcController, class: com.planit.basetemplate.grpc.BaseGrpcController
2026-03-04 14:45:52 INFO  [] [main] n.d.b.g.s.s.AbstractGrpcServerFactory : Registered gRPC service: grpc.health.v1.Health, bean: grpcHealthService, class: io.grpc.protobuf.services.HealthServiceImpl
2026-03-04 14:45:52 INFO  [] [main] n.d.b.g.s.s.AbstractGrpcServerFactory : Registered gRPC service: grpc.reflection.v1alpha.ServerReflection, bean: protoReflectionService, class: io.grpc.protobuf.services.ProtoReflectionService
2026-03-04 14:45:52 INFO  [] [main] n.d.b.g.s.s.GrpcServerLifecycle : gRPC Server started, listening on address: *, port: 9090
2026-03-04 14:45:52 INFO  [] [main] com.planit.PlanitApplication : Started PlanitApplication in 1.888 seconds (process running for 2.044)
2026-03-04 14:45:55 INFO  [] [http-nio-8080-exec-1] o.a.c.c.C.[Tomcat].[localhost].[/] : Initializing Spring DispatcherServlet 'dispatcherServlet'
2026-03-04 14:45:55 INFO  [] [http-nio-8080-exec-1] o.s.web.servlet.DispatcherServlet : Initializing Servlet 'dispatcherServlet'
2026-03-04 14:45:55 INFO  [] [http-nio-8080-exec-1] o.s.web.servlet.DispatcherServlet : Completed initialization in 1 ms
2026-03-04 15:02:31 INFO  [] [SpringApplicationShutdownHook] n.d.b.g.s.s.GrpcServerLifecycle : Completed gRPC server shutdown
2026-03-04 15:02:31 INFO  [] [SpringApplicationShutdownHook] o.s.b.w.e.tomcat.GracefulShutdown : Commencing graceful shutdown. Waiting for active requests to complete
2026-03-04 15:02:31 INFO  [] [tomcat-shutdown] o.s.b.w.e.tomcat.GracefulShutdown : Graceful shutdown complete
2026-03-04 15:02:31 INFO  [] [SpringApplicationShutdownHook] o.s.o.j.LocalContainerEntityManagerFactoryBean : Closing JPA EntityManagerFactory for persistence unit 'default'
2026-03-04 15:02:31 INFO  [] [SpringApplicationShutdownHook] com.zaxxer.hikari.HikariDataSource : HikariPool-1 - Shutdown initiated...
2026-03-04 15:02:31 INFO  [] [SpringApplicationShutdownHook] com.zaxxer.hikari.HikariDataSource : HikariPool-1 - Shutdown completed.
2026-03-04 15:13:51 INFO  [] [main] com.planit.PlanitApplication : Starting PlanitApplication using Java 17.0.16 with PID 39615 (/Users/jybill01/Folder/02_Study/03_AWS_Cloud_School/03_Project/03_project/Full/PlanIt-Schedule-svc/build/classes/java/main started by jybill01 in /Users/jybill01/Folder/02_Study/03_AWS_Cloud_School/03_Project/03_project/Full/PlanIt-Schedule-svc)
2026-03-04 15:13:51 INFO  [] [main] com.planit.PlanitApplication : No active profile set, falling back to 1 default profile: "default"
2026-03-04 15:13:51 INFO  [] [main] o.s.d.r.c.RepositoryConfigurationDelegate : Bootstrapping Spring Data JPA repositories in DEFAULT mode.
2026-03-04 15:13:51 INFO  [] [main] o.s.d.r.c.RepositoryConfigurationDelegate : Finished Spring Data repository scanning in 22 ms. Found 3 JPA repository interfaces.
2026-03-04 15:13:51 INFO  [] [main] o.s.b.w.e.tomcat.TomcatWebServer : Tomcat initialized with port 8080 (http)
2026-03-04 15:13:51 INFO  [] [main] o.a.coyote.http11.Http11NioProtocol : Initializing ProtocolHandler ["http-nio-8080"]
2026-03-04 15:13:51 INFO  [] [main] o.a.catalina.core.StandardService : Starting service [Tomcat]
2026-03-04 15:13:51 INFO  [] [main] o.a.catalina.core.StandardEngine : Starting Servlet engine: [Apache Tomcat/10.1.52]
2026-03-04 15:13:51 INFO  [] [main] o.a.c.c.C.[Tomcat].[localhost].[/] : Initializing Spring embedded WebApplicationContext
2026-03-04 15:13:51 INFO  [] [main] o.s.b.w.s.c.ServletWebServerApplicationContext : Root WebApplicationContext: initialization completed in 617 ms
2026-03-04 15:13:52 INFO  [] [main] o.h.jpa.internal.util.LogHelper : HHH000204: Processing PersistenceUnitInfo [name: default]
2026-03-04 15:13:52 INFO  [] [main] org.hibernate.Version : HHH000412: Hibernate ORM core version 6.6.42.Final
2026-03-04 15:13:52 INFO  [] [main] o.h.c.i.RegionFactoryInitiator : HHH000026: Second-level cache disabled
2026-03-04 15:13:52 INFO  [] [main] o.s.o.j.p.SpringPersistenceUnitInfo : No LoadTimeWeaver setup: ignoring JPA class transformer
2026-03-04 15:13:52 INFO  [] [main] com.zaxxer.hikari.HikariDataSource : HikariPool-1 - Starting...
2026-03-04 15:13:52 INFO  [] [main] com.zaxxer.hikari.pool.HikariPool : HikariPool-1 - Added connection org.mariadb.jdbc.Connection@19d76106
2026-03-04 15:13:52 INFO  [] [main] com.zaxxer.hikari.HikariDataSource : HikariPool-1 - Start completed.
2026-03-04 15:13:52 INFO  [] [main] o.hibernate.orm.connections.pooling : HHH10001005: Database info:
	Database JDBC URL [Connecting through datasource 'HikariDataSource (HikariPool-1)']
	Database driver: undefined/unknown
	Database version: 12.2.2
	Autocommit mode: undefined/unknown
	Isolation level: undefined/unknown
	Minimum pool size: undefined/unknown
	Maximum pool size: undefined/unknown
2026-03-04 15:13:52 INFO  [] [main] o.h.e.t.j.p.i.JtaPlatformInitiator : HHH000489: No JTA platform available (set 'hibernate.transaction.jta.platform' to enable JTA platform integration)
2026-03-04 15:13:52 INFO  [] [main] o.s.o.j.LocalContainerEntityManagerFactoryBean : Initialized JPA EntityManagerFactory for persistence unit 'default'
2026-03-04 15:13:52 WARN  [] [main] o.s.b.a.o.j.JpaBaseConfiguration$JpaWebConfiguration : spring.jpa.open-in-view is enabled by default. Therefore, database queries may be performed during view rendering. Explicitly configure spring.jpa.open-in-view to disable this warning
2026-03-04 15:13:52 INFO  [] [main] n.d.b.g.s.a.GrpcServerFactoryAutoConfiguration : Detected grpc-netty-shaded: Creating ShadedNettyGrpcServerFactory
2026-03-04 15:13:52 INFO  [] [main] n.d.b.g.c.a.GrpcClientAutoConfiguration : Detected grpc-netty-shaded: Creating ShadedNettyChannelFactory + InProcessChannelFactory
2026-03-04 15:13:52 INFO  [] [main] o.s.b.a.e.web.EndpointLinksResolver : Exposing 2 endpoints beneath base path '/api/v1/base/actuator'
2026-03-04 15:13:52 INFO  [] [main] o.a.coyote.http11.Http11NioProtocol : Starting ProtocolHandler ["http-nio-8080"]
2026-03-04 15:13:52 INFO  [] [main] o.s.b.w.e.tomcat.TomcatWebServer : Tomcat started on port 8080 (http) with context path '/'
2026-03-04 15:13:52 INFO  [] [main] n.d.b.g.s.s.AbstractGrpcServerFactory : Registered gRPC service: BaseTestGrpcService, bean: baseGrpcController, class: com.planit.basetemplate.grpc.BaseGrpcController
2026-03-04 15:13:52 INFO  [] [main] n.d.b.g.s.s.AbstractGrpcServerFactory : Registered gRPC service: grpc.health.v1.Health, bean: grpcHealthService, class: io.grpc.protobuf.services.HealthServiceImpl
2026-03-04 15:13:52 INFO  [] [main] n.d.b.g.s.s.AbstractGrpcServerFactory : Registered gRPC service: grpc.reflection.v1alpha.ServerReflection, bean: protoReflectionService, class: io.grpc.protobuf.services.ProtoReflectionService
2026-03-04 15:13:52 INFO  [] [main] n.d.b.g.s.s.GrpcServerLifecycle : gRPC Server started, listening on address: *, port: 9090
2026-03-04 15:13:52 INFO  [] [main] com.planit.PlanitApplication : Started PlanitApplication in 1.959 seconds (process running for 2.113)
2026-03-04 15:14:04 INFO  [] [http-nio-8080-exec-1] o.a.c.c.C.[Tomcat].[localhost].[/] : Initializing Spring DispatcherServlet 'dispatcherServlet'
2026-03-04 15:14:04 INFO  [] [http-nio-8080-exec-1] o.s.web.servlet.DispatcherServlet : Initializing Servlet 'dispatcherServlet'
2026-03-04 15:14:04 INFO  [] [http-nio-8080-exec-1] o.s.web.servlet.DispatcherServlet : Completed initialization in 2 ms
2026-03-04 15:43:08 INFO  [] [SpringApplicationShutdownHook] n.d.b.g.s.s.GrpcServerLifecycle : Completed gRPC server shutdown
2026-03-04 15:43:08 INFO  [] [SpringApplicationShutdownHook] o.s.b.w.e.tomcat.GracefulShutdown : Commencing graceful shutdown. Waiting for active requests to complete
2026-03-04 15:43:08 INFO  [] [tomcat-shutdown] o.s.b.w.e.tomcat.GracefulShutdown : Graceful shutdown complete
2026-03-04 15:43:08 INFO  [] [SpringApplicationShutdownHook] o.s.o.j.LocalContainerEntityManagerFactoryBean : Closing JPA EntityManagerFactory for persistence unit 'default'
2026-03-04 15:43:08 INFO  [] [SpringApplicationShutdownHook] com.zaxxer.hikari.HikariDataSource : HikariPool-1 - Shutdown initiated...
2026-03-04 15:43:08 INFO  [] [SpringApplicationShutdownHook] com.zaxxer.hikari.HikariDataSource : HikariPool-1 - Shutdown completed.
2026-03-04 15:43:12 INFO  [] [main] com.planit.PlanitApplication : Starting PlanitApplication using Java 17.0.16 with PID 43510 (/Users/jybill01/Folder/02_Study/03_AWS_Cloud_School/03_Project/03_project/Full/PlanIt-Schedule-svc/build/classes/java/main started by jybill01 in /Users/jybill01/Folder/02_Study/03_AWS_Cloud_School/03_Project/03_project/Full/PlanIt-Schedule-svc)
2026-03-04 15:43:12 INFO  [] [main] com.planit.PlanitApplication : No active profile set, falling back to 1 default profile: "default"
2026-03-04 15:43:12 INFO  [] [main] o.s.d.r.c.RepositoryConfigurationDelegate : Bootstrapping Spring Data JPA repositories in DEFAULT mode.
2026-03-04 15:43:12 INFO  [] [main] o.s.d.r.c.RepositoryConfigurationDelegate : Finished Spring Data repository scanning in 21 ms. Found 3 JPA repository interfaces.
2026-03-04 15:43:13 INFO  [] [main] o.s.b.w.e.tomcat.TomcatWebServer : Tomcat initialized with port 8080 (http)
2026-03-04 15:43:13 INFO  [] [main] o.a.coyote.http11.Http11NioProtocol : Initializing ProtocolHandler ["http-nio-8080"]
2026-03-04 15:43:13 INFO  [] [main] o.a.catalina.core.StandardService : Starting service [Tomcat]
2026-03-04 15:43:13 INFO  [] [main] o.a.catalina.core.StandardEngine : Starting Servlet engine: [Apache Tomcat/10.1.52]
2026-03-04 15:43:13 INFO  [] [main] o.a.c.c.C.[Tomcat].[localhost].[/] : Initializing Spring embedded WebApplicationContext
2026-03-04 15:43:13 INFO  [] [main] o.s.b.w.s.c.ServletWebServerApplicationContext : Root WebApplicationContext: initialization completed in 615 ms
2026-03-04 15:43:13 INFO  [] [main] o.h.jpa.internal.util.LogHelper : HHH000204: Processing PersistenceUnitInfo [name: default]
2026-03-04 15:43:13 INFO  [] [main] org.hibernate.Version : HHH000412: Hibernate ORM core version 6.6.42.Final
2026-03-04 15:43:13 INFO  [] [main] o.h.c.i.RegionFactoryInitiator : HHH000026: Second-level cache disabled
2026-03-04 15:43:13 INFO  [] [main] o.s.o.j.p.SpringPersistenceUnitInfo : No LoadTimeWeaver setup: ignoring JPA class transformer
2026-03-04 15:43:13 INFO  [] [main] com.zaxxer.hikari.HikariDataSource : HikariPool-1 - Starting...
2026-03-04 15:43:13 INFO  [] [main] com.zaxxer.hikari.pool.HikariPool : HikariPool-1 - Added connection org.mariadb.jdbc.Connection@231d3ce
2026-03-04 15:43:13 INFO  [] [main] com.zaxxer.hikari.HikariDataSource : HikariPool-1 - Start completed.
2026-03-04 15:43:13 INFO  [] [main] o.hibernate.orm.connections.pooling : HHH10001005: Database info:
	Database JDBC URL [Connecting through datasource 'HikariDataSource (HikariPool-1)']
	Database driver: undefined/unknown
	Database version: 12.2.2
	Autocommit mode: undefined/unknown
	Isolation level: undefined/unknown
	Minimum pool size: undefined/unknown
	Maximum pool size: undefined/unknown
2026-03-04 15:43:14 INFO  [] [main] o.h.e.t.j.p.i.JtaPlatformInitiator : HHH000489: No JTA platform available (set 'hibernate.transaction.jta.platform' to enable JTA platform integration)
2026-03-04 15:43:14 INFO  [] [main] o.s.o.j.LocalContainerEntityManagerFactoryBean : Initialized JPA EntityManagerFactory for persistence unit 'default'
2026-03-04 15:43:14 WARN  [] [main] o.s.b.a.o.j.JpaBaseConfiguration$JpaWebConfiguration : spring.jpa.open-in-view is enabled by default. Therefore, database queries may be performed during view rendering. Explicitly configure spring.jpa.open-in-view to disable this warning
2026-03-04 15:43:14 INFO  [] [main] n.d.b.g.s.a.GrpcServerFactoryAutoConfiguration : Detected grpc-netty-shaded: Creating ShadedNettyGrpcServerFactory
2026-03-04 15:43:14 INFO  [] [main] n.d.b.g.c.a.GrpcClientAutoConfiguration : Detected grpc-netty-shaded: Creating ShadedNettyChannelFactory + InProcessChannelFactory
2026-03-04 15:43:14 INFO  [] [main] o.s.b.a.e.web.EndpointLinksResolver : Exposing 2 endpoints beneath base path '/api/v1/base/actuator'
2026-03-04 15:43:14 INFO  [] [main] o.a.coyote.http11.Http11NioProtocol : Starting ProtocolHandler ["http-nio-8080"]
2026-03-04 15:43:14 INFO  [] [main] o.s.b.w.e.tomcat.TomcatWebServer : Tomcat started on port 8080 (http) with context path '/'
2026-03-04 15:43:14 INFO  [] [main] n.d.b.g.s.s.AbstractGrpcServerFactory : Registered gRPC service: BaseTestGrpcService, bean: baseGrpcController, class: com.planit.basetemplate.grpc.BaseGrpcController
2026-03-04 15:43:14 INFO  [] [main] n.d.b.g.s.s.AbstractGrpcServerFactory : Registered gRPC service: grpc.health.v1.Health, bean: grpcHealthService, class: io.grpc.protobuf.services.HealthServiceImpl
2026-03-04 15:43:14 INFO  [] [main] n.d.b.g.s.s.AbstractGrpcServerFactory : Registered gRPC service: grpc.reflection.v1alpha.ServerReflection, bean: protoReflectionService, class: io.grpc.protobuf.services.ProtoReflectionService
2026-03-04 15:43:15 INFO  [] [main] n.d.b.g.s.s.GrpcServerLifecycle : gRPC Server started, listening on address: *, port: 9090
2026-03-04 15:43:15 INFO  [] [main] com.planit.PlanitApplication : Started PlanitApplication in 2.849 seconds (process running for 3.032)
2026-03-04 15:43:18 INFO  [] [SpringApplicationShutdownHook] n.d.b.g.s.s.GrpcServerLifecycle : Completed gRPC server shutdown
2026-03-04 15:43:18 INFO  [] [SpringApplicationShutdownHook] o.s.b.w.e.tomcat.GracefulShutdown : Commencing graceful shutdown. Waiting for active requests to complete
2026-03-04 15:43:18 INFO  [] [tomcat-shutdown] o.s.b.w.e.tomcat.GracefulShutdown : Graceful shutdown complete
2026-03-04 15:43:18 INFO  [] [SpringApplicationShutdownHook] o.s.o.j.LocalContainerEntityManagerFactoryBean : Closing JPA EntityManagerFactory for persistence unit 'default'
2026-03-04 15:43:18 INFO  [] [SpringApplicationShutdownHook] com.zaxxer.hikari.HikariDataSource : HikariPool-1 - Shutdown initiated...
2026-03-04 15:43:18 INFO  [] [SpringApplicationShutdownHook] com.zaxxer.hikari.HikariDataSource : HikariPool-1 - Shutdown completed.
2026-03-04 16:13:55 INFO  [] [main] com.planit.PlanitApplication : Starting PlanitApplication using Java 17.0.16 with PID 49429 (/Users/jybill01/Folder/02_Study/03_AWS_Cloud_School/03_Project/03_project/Full/PlanIt-Schedule-svc/build/classes/java/main started by jybill01 in /Users/jybill01/Folder/02_Study/03_AWS_Cloud_School/03_Project/03_project/Full/PlanIt-Schedule-svc)
2026-03-04 16:13:55 INFO  [] [main] com.planit.PlanitApplication : No active profile set, falling back to 1 default profile: "default"
2026-03-04 16:13:55 INFO  [] [main] o.s.d.r.c.RepositoryConfigurationDelegate : Bootstrapping Spring Data JPA repositories in DEFAULT mode.
2026-03-04 16:13:55 INFO  [] [main] o.s.d.r.c.RepositoryConfigurationDelegate : Finished Spring Data repository scanning in 21 ms. Found 4 JPA repository interfaces.
2026-03-04 16:13:56 INFO  [] [main] o.s.b.w.e.tomcat.TomcatWebServer : Tomcat initialized with port 8080 (http)
2026-03-04 16:13:56 INFO  [] [main] o.a.coyote.http11.Http11NioProtocol : Initializing ProtocolHandler ["http-nio-8080"]
2026-03-04 16:13:56 INFO  [] [main] o.a.catalina.core.StandardService : Starting service [Tomcat]
2026-03-04 16:13:56 INFO  [] [main] o.a.catalina.core.StandardEngine : Starting Servlet engine: [Apache Tomcat/10.1.52]
2026-03-04 16:13:56 INFO  [] [main] o.a.c.c.C.[Tomcat].[localhost].[/] : Initializing Spring embedded WebApplicationContext
2026-03-04 16:13:56 INFO  [] [main] o.s.b.w.s.c.ServletWebServerApplicationContext : Root WebApplicationContext: initialization completed in 579 ms
2026-03-04 16:13:56 INFO  [] [main] o.h.jpa.internal.util.LogHelper : HHH000204: Processing PersistenceUnitInfo [name: default]
2026-03-04 16:13:56 INFO  [] [main] org.hibernate.Version : HHH000412: Hibernate ORM core version 6.6.42.Final
2026-03-04 16:13:56 INFO  [] [main] o.h.c.i.RegionFactoryInitiator : HHH000026: Second-level cache disabled
2026-03-04 16:13:56 INFO  [] [main] o.s.o.j.p.SpringPersistenceUnitInfo : No LoadTimeWeaver setup: ignoring JPA class transformer
2026-03-04 16:13:56 INFO  [] [main] com.zaxxer.hikari.HikariDataSource : HikariPool-1 - Starting...
2026-03-04 16:13:56 INFO  [] [main] com.zaxxer.hikari.pool.HikariPool : HikariPool-1 - Added connection org.mariadb.jdbc.Connection@1ab1d93d
2026-03-04 16:13:56 INFO  [] [main] com.zaxxer.hikari.HikariDataSource : HikariPool-1 - Start completed.
2026-03-04 16:13:56 INFO  [] [main] o.hibernate.orm.connections.pooling : HHH10001005: Database info:
	Database JDBC URL [Connecting through datasource 'HikariDataSource (HikariPool-1)']
	Database driver: undefined/unknown
	Database version: 12.2.2
	Autocommit mode: undefined/unknown
	Isolation level: undefined/unknown
	Minimum pool size: undefined/unknown
	Maximum pool size: undefined/unknown
2026-03-04 16:13:56 INFO  [] [main] o.h.e.t.j.p.i.JtaPlatformInitiator : HHH000489: No JTA platform available (set 'hibernate.transaction.jta.platform' to enable JTA platform integration)
2026-03-04 16:13:56 INFO  [] [main] o.s.o.j.LocalContainerEntityManagerFactoryBean : Initialized JPA EntityManagerFactory for persistence unit 'default'
2026-03-04 16:13:57 WARN  [] [main] o.s.b.a.o.j.JpaBaseConfiguration$JpaWebConfiguration : spring.jpa.open-in-view is enabled by default. Therefore, database queries may be performed during view rendering. Explicitly configure spring.jpa.open-in-view to disable this warning
2026-03-04 16:13:57 INFO  [] [main] n.d.b.g.s.a.GrpcServerFactoryAutoConfiguration : Detected grpc-netty-shaded: Creating ShadedNettyGrpcServerFactory
2026-03-04 16:13:57 INFO  [] [main] n.d.b.g.c.a.GrpcClientAutoConfiguration : Detected grpc-netty-shaded: Creating ShadedNettyChannelFactory + InProcessChannelFactory
2026-03-04 16:13:57 INFO  [] [main] o.s.b.a.e.web.EndpointLinksResolver : Exposing 2 endpoints beneath base path '/api/v1/base/actuator'
2026-03-04 16:13:57 INFO  [] [main] o.a.coyote.http11.Http11NioProtocol : Starting ProtocolHandler ["http-nio-8080"]
2026-03-04 16:13:57 INFO  [] [main] o.s.b.w.e.tomcat.TomcatWebServer : Tomcat started on port 8080 (http) with context path '/'
2026-03-04 16:13:57 INFO  [] [main] n.d.b.g.s.s.AbstractGrpcServerFactory : Registered gRPC service: BaseTestGrpcService, bean: baseGrpcController, class: com.planit.basetemplate.grpc.BaseGrpcController
2026-03-04 16:13:57 INFO  [] [main] n.d.b.g.s.s.AbstractGrpcServerFactory : Registered gRPC service: grpc.health.v1.Health, bean: grpcHealthService, class: io.grpc.protobuf.services.HealthServiceImpl
2026-03-04 16:13:57 INFO  [] [main] n.d.b.g.s.s.AbstractGrpcServerFactory : Registered gRPC service: grpc.reflection.v1alpha.ServerReflection, bean: protoReflectionService, class: io.grpc.protobuf.services.ProtoReflectionService
2026-03-04 16:13:57 INFO  [] [main] n.d.b.g.s.s.GrpcServerLifecycle : gRPC Server started, listening on address: *, port: 9090
2026-03-04 16:13:57 INFO  [] [main] com.planit.PlanitApplication : Started PlanitApplication in 2.041 seconds (process running for 2.267)
2026-03-04 16:14:32 INFO  [] [http-nio-8080-exec-2] o.a.c.c.C.[Tomcat].[localhost].[/] : Initializing Spring DispatcherServlet 'dispatcherServlet'
2026-03-04 16:14:32 INFO  [] [http-nio-8080-exec-2] o.s.web.servlet.DispatcherServlet : Initializing Servlet 'dispatcherServlet'
2026-03-04 16:14:32 INFO  [] [http-nio-8080-exec-2] o.s.web.servlet.DispatcherServlet : Completed initialization in 3 ms
2026-03-04 16:39:04 INFO  [] [SpringApplicationShutdownHook] n.d.b.g.s.s.GrpcServerLifecycle : Completed gRPC server shutdown
2026-03-04 16:39:04 INFO  [] [SpringApplicationShutdownHook] o.s.b.w.e.tomcat.GracefulShutdown : Commencing graceful shutdown. Waiting for active requests to complete
2026-03-04 16:39:04 INFO  [] [tomcat-shutdown] o.s.b.w.e.tomcat.GracefulShutdown : Graceful shutdown complete
2026-03-04 16:39:04 INFO  [] [SpringApplicationShutdownHook] o.s.o.j.LocalContainerEntityManagerFactoryBean : Closing JPA EntityManagerFactory for persistence unit 'default'
2026-03-04 16:39:04 INFO  [] [SpringApplicationShutdownHook] com.zaxxer.hikari.HikariDataSource : HikariPool-1 - Shutdown initiated...
2026-03-04 16:39:04 INFO  [] [SpringApplicationShutdownHook] com.zaxxer.hikari.HikariDataSource : HikariPool-1 - Shutdown completed.
2026-03-04 16:39:37 INFO  [] [main] com.planit.PlanitApplication : Starting PlanitApplication using Java 17.0.16 with PID 52287 (/Users/jybill01/Folder/02_Study/03_AWS_Cloud_School/03_Project/03_project/Full/PlanIt-Schedule-svc/build/classes/java/main started by jybill01 in /Users/jybill01/Folder/02_Study/03_AWS_Cloud_School/03_Project/03_project/Full/PlanIt-Schedule-svc)
2026-03-04 16:39:37 INFO  [] [main] com.planit.PlanitApplication : No active profile set, falling back to 1 default profile: "default"
2026-03-04 16:39:38 INFO  [] [main] o.s.d.r.c.RepositoryConfigurationDelegate : Bootstrapping Spring Data JPA repositories in DEFAULT mode.
2026-03-04 16:39:38 INFO  [] [main] o.s.d.r.c.RepositoryConfigurationDelegate : Finished Spring Data repository scanning in 23 ms. Found 4 JPA repository interfaces.
2026-03-04 16:39:38 INFO  [] [main] o.s.b.w.e.tomcat.TomcatWebServer : Tomcat initialized with port 8080 (http)
2026-03-04 16:39:38 INFO  [] [main] o.a.coyote.http11.Http11NioProtocol : Initializing ProtocolHandler ["http-nio-8080"]
2026-03-04 16:39:38 INFO  [] [main] o.a.catalina.core.StandardService : Starting service [Tomcat]
2026-03-04 16:39:38 INFO  [] [main] o.a.catalina.core.StandardEngine : Starting Servlet engine: [Apache Tomcat/10.1.52]
2026-03-04 16:39:38 INFO  [] [main] o.a.c.c.C.[Tomcat].[localhost].[/] : Initializing Spring embedded WebApplicationContext
2026-03-04 16:39:38 INFO  [] [main] o.s.b.w.s.c.ServletWebServerApplicationContext : Root WebApplicationContext: initialization completed in 599 ms
2026-03-04 16:39:38 INFO  [] [main] o.h.jpa.internal.util.LogHelper : HHH000204: Processing PersistenceUnitInfo [name: default]
2026-03-04 16:39:38 INFO  [] [main] org.hibernate.Version : HHH000412: Hibernate ORM core version 6.6.42.Final
2026-03-04 16:39:38 INFO  [] [main] o.h.c.i.RegionFactoryInitiator : HHH000026: Second-level cache disabled
2026-03-04 16:39:38 INFO  [] [main] o.s.o.j.p.SpringPersistenceUnitInfo : No LoadTimeWeaver setup: ignoring JPA class transformer
2026-03-04 16:39:38 INFO  [] [main] com.zaxxer.hikari.HikariDataSource : HikariPool-1 - Starting...
2026-03-04 16:39:38 INFO  [] [main] com.zaxxer.hikari.pool.HikariPool : HikariPool-1 - Added connection org.mariadb.jdbc.Connection@5e1a7d3
2026-03-04 16:39:38 INFO  [] [main] com.zaxxer.hikari.HikariDataSource : HikariPool-1 - Start completed.
2026-03-04 16:39:38 INFO  [] [main] o.hibernate.orm.connections.pooling : HHH10001005: Database info:
	Database JDBC URL [Connecting through datasource 'HikariDataSource (HikariPool-1)']
	Database driver: undefined/unknown
	Database version: 12.2.2
	Autocommit mode: undefined/unknown
	Isolation level: undefined/unknown
	Minimum pool size: undefined/unknown
	Maximum pool size: undefined/unknown
2026-03-04 16:39:39 INFO  [] [main] o.h.e.t.j.p.i.JtaPlatformInitiator : HHH000489: No JTA platform available (set 'hibernate.transaction.jta.platform' to enable JTA platform integration)
2026-03-04 16:39:39 INFO  [] [main] o.s.o.j.LocalContainerEntityManagerFactoryBean : Initialized JPA EntityManagerFactory for persistence unit 'default'
2026-03-04 16:39:39 WARN  [] [main] o.s.b.a.o.j.JpaBaseConfiguration$JpaWebConfiguration : spring.jpa.open-in-view is enabled by default. Therefore, database queries may be performed during view rendering. Explicitly configure spring.jpa.open-in-view to disable this warning
2026-03-04 16:39:39 INFO  [] [main] n.d.b.g.s.a.GrpcServerFactoryAutoConfiguration : Detected grpc-netty-shaded: Creating ShadedNettyGrpcServerFactory
2026-03-04 16:39:39 INFO  [] [main] n.d.b.g.c.a.GrpcClientAutoConfiguration : Detected grpc-netty-shaded: Creating ShadedNettyChannelFactory + InProcessChannelFactory
2026-03-04 16:39:39 INFO  [] [main] o.s.b.a.e.web.EndpointLinksResolver : Exposing 2 endpoints beneath base path '/api/v1/base/actuator'
2026-03-04 16:39:39 INFO  [] [main] o.a.coyote.http11.Http11NioProtocol : Starting ProtocolHandler ["http-nio-8080"]
2026-03-04 16:39:39 INFO  [] [main] o.s.b.w.e.tomcat.TomcatWebServer : Tomcat started on port 8080 (http) with context path '/'
2026-03-04 16:39:39 INFO  [] [main] n.d.b.g.s.s.AbstractGrpcServerFactory : Registered gRPC service: BaseTestGrpcService, bean: baseGrpcController, class: com.planit.basetemplate.grpc.BaseGrpcController
2026-03-04 16:39:39 INFO  [] [main] n.d.b.g.s.s.AbstractGrpcServerFactory : Registered gRPC service: grpc.health.v1.Health, bean: grpcHealthService, class: io.grpc.protobuf.services.HealthServiceImpl
2026-03-04 16:39:39 INFO  [] [main] n.d.b.g.s.s.AbstractGrpcServerFactory : Registered gRPC service: grpc.reflection.v1alpha.ServerReflection, bean: protoReflectionService, class: io.grpc.protobuf.services.ProtoReflectionService
2026-03-04 16:39:39 INFO  [] [main] n.d.b.g.s.s.GrpcServerLifecycle : gRPC Server started, listening on address: *, port: 9090
2026-03-04 16:39:39 INFO  [] [main] com.planit.PlanitApplication : Started PlanitApplication in 1.964 seconds (process running for 2.164)
2026-03-04 16:40:03 INFO  [] [http-nio-8080-exec-1] o.a.c.c.C.[Tomcat].[localhost].[/] : Initializing Spring DispatcherServlet 'dispatcherServlet'
2026-03-04 16:40:03 INFO  [] [http-nio-8080-exec-1] o.s.web.servlet.DispatcherServlet : Initializing Servlet 'dispatcherServlet'
2026-03-04 16:40:03 INFO  [] [http-nio-8080-exec-1] o.s.web.servlet.DispatcherServlet : Completed initialization in 3 ms
2026-03-04 16:45:25 INFO  [] [SpringApplicationShutdownHook] n.d.b.g.s.s.GrpcServerLifecycle : Completed gRPC server shutdown
2026-03-04 16:45:25 INFO  [] [SpringApplicationShutdownHook] o.s.b.w.e.tomcat.GracefulShutdown : Commencing graceful shutdown. Waiting for active requests to complete
2026-03-04 16:45:25 INFO  [] [tomcat-shutdown] o.s.b.w.e.tomcat.GracefulShutdown : Graceful shutdown complete
2026-03-04 16:45:25 INFO  [] [SpringApplicationShutdownHook] o.s.o.j.LocalContainerEntityManagerFactoryBean : Closing JPA EntityManagerFactory for persistence unit 'default'
2026-03-04 16:45:25 INFO  [] [SpringApplicationShutdownHook] com.zaxxer.hikari.HikariDataSource : HikariPool-1 - Shutdown initiated...
2026-03-04 16:45:25 INFO  [] [SpringApplicationShutdownHook] com.zaxxer.hikari.HikariDataSource : HikariPool-1 - Shutdown completed.
2026-03-04 16:45:29 INFO  [] [main] com.planit.PlanitApplication : Starting PlanitApplication using Java 17.0.16 with PID 53109 (/Users/jybill01/Folder/02_Study/03_AWS_Cloud_School/03_Project/03_project/Full/PlanIt-Schedule-svc/build/classes/java/main started by jybill01 in /Users/jybill01/Folder/02_Study/03_AWS_Cloud_School/03_Project/03_project/Full/PlanIt-Schedule-svc)
2026-03-04 16:45:29 INFO  [] [main] com.planit.PlanitApplication : No active profile set, falling back to 1 default profile: "default"
2026-03-04 16:45:29 INFO  [] [main] o.s.d.r.c.RepositoryConfigurationDelegate : Bootstrapping Spring Data JPA repositories in DEFAULT mode.
2026-03-04 16:45:29 INFO  [] [main] o.s.d.r.c.RepositoryConfigurationDelegate : Finished Spring Data repository scanning in 21 ms. Found 4 JPA repository interfaces.
2026-03-04 16:45:29 INFO  [] [main] o.s.b.w.e.tomcat.TomcatWebServer : Tomcat initialized with port 8080 (http)
2026-03-04 16:45:29 INFO  [] [main] o.a.coyote.http11.Http11NioProtocol : Initializing ProtocolHandler ["http-nio-8080"]
2026-03-04 16:45:29 INFO  [] [main] o.a.catalina.core.StandardService : Starting service [Tomcat]
2026-03-04 16:45:29 INFO  [] [main] o.a.catalina.core.StandardEngine : Starting Servlet engine: [Apache Tomcat/10.1.52]
2026-03-04 16:45:29 INFO  [] [main] o.a.c.c.C.[Tomcat].[localhost].[/] : Initializing Spring embedded WebApplicationContext
2026-03-04 16:45:29 INFO  [] [main] o.s.b.w.s.c.ServletWebServerApplicationContext : Root WebApplicationContext: initialization completed in 602 ms
2026-03-04 16:45:29 INFO  [] [main] o.h.jpa.internal.util.LogHelper : HHH000204: Processing PersistenceUnitInfo [name: default]
2026-03-04 16:45:29 INFO  [] [main] org.hibernate.Version : HHH000412: Hibernate ORM core version 6.6.42.Final
2026-03-04 16:45:29 INFO  [] [main] o.h.c.i.RegionFactoryInitiator : HHH000026: Second-level cache disabled
2026-03-04 16:45:29 INFO  [] [main] o.s.o.j.p.SpringPersistenceUnitInfo : No LoadTimeWeaver setup: ignoring JPA class transformer
2026-03-04 16:45:29 INFO  [] [main] com.zaxxer.hikari.HikariDataSource : HikariPool-1 - Starting...
2026-03-04 16:45:29 INFO  [] [main] com.zaxxer.hikari.pool.HikariPool : HikariPool-1 - Added connection org.mariadb.jdbc.Connection@7eebb316
2026-03-04 16:45:29 INFO  [] [main] com.zaxxer.hikari.HikariDataSource : HikariPool-1 - Start completed.
2026-03-04 16:45:29 INFO  [] [main] o.hibernate.orm.connections.pooling : HHH10001005: Database info:
	Database JDBC URL [Connecting through datasource 'HikariDataSource (HikariPool-1)']
	Database driver: undefined/unknown
	Database version: 12.2.2
	Autocommit mode: undefined/unknown
	Isolation level: undefined/unknown
	Minimum pool size: undefined/unknown
	Maximum pool size: undefined/unknown
2026-03-04 16:45:30 INFO  [] [main] o.h.e.t.j.p.i.JtaPlatformInitiator : HHH000489: No JTA platform available (set 'hibernate.transaction.jta.platform' to enable JTA platform integration)
2026-03-04 16:45:30 INFO  [] [main] o.s.o.j.LocalContainerEntityManagerFactoryBean : Initialized JPA EntityManagerFactory for persistence unit 'default'
2026-03-04 16:45:30 WARN  [] [main] o.s.b.a.o.j.JpaBaseConfiguration$JpaWebConfiguration : spring.jpa.open-in-view is enabled by default. Therefore, database queries may be performed during view rendering. Explicitly configure spring.jpa.open-in-view to disable this warning
2026-03-04 16:45:31 INFO  [] [main] n.d.b.g.s.a.GrpcServerFactoryAutoConfiguration : Detected grpc-netty-shaded: Creating ShadedNettyGrpcServerFactory
2026-03-04 16:45:31 INFO  [] [main] n.d.b.g.c.a.GrpcClientAutoConfiguration : Detected grpc-netty-shaded: Creating ShadedNettyChannelFactory + InProcessChannelFactory
2026-03-04 16:45:31 INFO  [] [main] o.s.b.a.e.web.EndpointLinksResolver : Exposing 2 endpoints beneath base path '/api/v1/base/actuator'
2026-03-04 16:45:31 INFO  [] [main] o.a.coyote.http11.Http11NioProtocol : Starting ProtocolHandler ["http-nio-8080"]
2026-03-04 16:45:31 INFO  [] [main] o.s.b.w.e.tomcat.TomcatWebServer : Tomcat started on port 8080 (http) with context path '/'
2026-03-04 16:45:31 INFO  [] [main] n.d.b.g.s.s.AbstractGrpcServerFactory : Registered gRPC service: BaseTestGrpcService, bean: baseGrpcController, class: com.planit.basetemplate.grpc.BaseGrpcController
2026-03-04 16:45:31 INFO  [] [main] n.d.b.g.s.s.AbstractGrpcServerFactory : Registered gRPC service: grpc.health.v1.Health, bean: grpcHealthService, class: io.grpc.protobuf.services.HealthServiceImpl
2026-03-04 16:45:31 INFO  [] [main] n.d.b.g.s.s.AbstractGrpcServerFactory : Registered gRPC service: grpc.reflection.v1alpha.ServerReflection, bean: protoReflectionService, class: io.grpc.protobuf.services.ProtoReflectionService
2026-03-04 16:45:31 INFO  [] [main] n.d.b.g.s.s.GrpcServerLifecycle : gRPC Server started, listening on address: *, port: 9090
2026-03-04 16:45:31 INFO  [] [main] com.planit.PlanitApplication : Started PlanitApplication in 2.405 seconds (process running for 2.576)
2026-03-04 16:45:32 INFO  [] [http-nio-8080-exec-2] o.a.c.c.C.[Tomcat].[localhost].[/] : Initializing Spring DispatcherServlet 'dispatcherServlet'
2026-03-04 16:45:32 INFO  [] [http-nio-8080-exec-2] o.s.web.servlet.DispatcherServlet : Initializing Servlet 'dispatcherServlet'
2026-03-04 16:45:32 INFO  [] [http-nio-8080-exec-2] o.s.web.servlet.DispatcherServlet : Completed initialization in 1 ms
2026-03-04 16:46:04 INFO  [] [SpringApplicationShutdownHook] n.d.b.g.s.s.GrpcServerLifecycle : Completed gRPC server shutdown
2026-03-04 16:46:04 INFO  [] [SpringApplicationShutdownHook] o.s.b.w.e.tomcat.GracefulShutdown : Commencing graceful shutdown. Waiting for active requests to complete
2026-03-04 16:46:04 INFO  [] [tomcat-shutdown] o.s.b.w.e.tomcat.GracefulShutdown : Graceful shutdown complete
2026-03-04 16:46:04 INFO  [] [SpringApplicationShutdownHook] o.s.o.j.LocalContainerEntityManagerFactoryBean : Closing JPA EntityManagerFactory for persistence unit 'default'
2026-03-04 16:46:04 INFO  [] [SpringApplicationShutdownHook] com.zaxxer.hikari.HikariDataSource : HikariPool-1 - Shutdown initiated...
2026-03-04 16:46:04 INFO  [] [SpringApplicationShutdownHook] com.zaxxer.hikari.HikariDataSource : HikariPool-1 - Shutdown completed.
2026-03-04 17:08:42 INFO  [] [main] com.planit.PlanitApplication : Starting PlanitApplication using Java 17.0.16 with PID 55762 (/Users/jybill01/Folder/02_Study/03_AWS_Cloud_School/03_Project/03_project/Full/PlanIt-Schedule-svc/build/classes/java/main started by jybill01 in /Users/jybill01/Folder/02_Study/03_AWS_Cloud_School/03_Project/03_project/Full/PlanIt-Schedule-svc)
2026-03-04 17:08:42 INFO  [] [main] com.planit.PlanitApplication : No active profile set, falling back to 1 default profile: "default"
2026-03-04 17:08:42 INFO  [] [main] o.s.d.r.c.RepositoryConfigurationDelegate : Bootstrapping Spring Data JPA repositories in DEFAULT mode.
2026-03-04 17:08:42 INFO  [] [main] o.s.d.r.c.RepositoryConfigurationDelegate : Finished Spring Data repository scanning in 62 ms. Found 5 JPA repository interfaces.
2026-03-04 17:08:43 INFO  [] [main] o.s.b.w.e.tomcat.TomcatWebServer : Tomcat initialized with port 8080 (http)
2026-03-04 17:08:43 INFO  [] [main] o.a.coyote.http11.Http11NioProtocol : Initializing ProtocolHandler ["http-nio-8080"]
2026-03-04 17:08:43 INFO  [] [main] o.a.catalina.core.StandardService : Starting service [Tomcat]
2026-03-04 17:08:43 INFO  [] [main] o.a.catalina.core.StandardEngine : Starting Servlet engine: [Apache Tomcat/10.1.52]
2026-03-04 17:08:43 INFO  [] [main] o.a.c.c.C.[Tomcat].[localhost].[/] : Initializing Spring embedded WebApplicationContext
2026-03-04 17:08:43 INFO  [] [main] o.s.b.w.s.c.ServletWebServerApplicationContext : Root WebApplicationContext: initialization completed in 710 ms
2026-03-04 17:08:43 INFO  [] [main] o.h.jpa.internal.util.LogHelper : HHH000204: Processing PersistenceUnitInfo [name: default]
2026-03-04 17:08:43 INFO  [] [main] org.hibernate.Version : HHH000412: Hibernate ORM core version 6.6.42.Final
2026-03-04 17:08:43 INFO  [] [main] o.h.c.i.RegionFactoryInitiator : HHH000026: Second-level cache disabled
2026-03-04 17:08:43 INFO  [] [main] o.s.o.j.p.SpringPersistenceUnitInfo : No LoadTimeWeaver setup: ignoring JPA class transformer
2026-03-04 17:08:43 INFO  [] [main] com.zaxxer.hikari.HikariDataSource : HikariPool-1 - Starting...
2026-03-04 17:08:43 INFO  [] [main] com.zaxxer.hikari.pool.HikariPool : HikariPool-1 - Added connection org.mariadb.jdbc.Connection@77b22b05
2026-03-04 17:08:43 INFO  [] [main] com.zaxxer.hikari.HikariDataSource : HikariPool-1 - Start completed.
2026-03-04 17:08:43 INFO  [] [main] o.hibernate.orm.connections.pooling : HHH10001005: Database info:
	Database JDBC URL [Connecting through datasource 'HikariDataSource (HikariPool-1)']
	Database driver: undefined/unknown
	Database version: 12.2.2
	Autocommit mode: undefined/unknown
	Isolation level: undefined/unknown
	Minimum pool size: undefined/unknown
	Maximum pool size: undefined/unknown
2026-03-04 17:08:44 INFO  [] [main] o.h.e.t.j.p.i.JtaPlatformInitiator : HHH000489: No JTA platform available (set 'hibernate.transaction.jta.platform' to enable JTA platform integration)
2026-03-04 17:08:44 INFO  [] [main] o.s.o.j.LocalContainerEntityManagerFactoryBean : Initialized JPA EntityManagerFactory for persistence unit 'default'
2026-03-04 17:08:44 WARN  [] [main] o.s.b.a.o.j.JpaBaseConfiguration$JpaWebConfiguration : spring.jpa.open-in-view is enabled by default. Therefore, database queries may be performed during view rendering. Explicitly configure spring.jpa.open-in-view to disable this warning
2026-03-04 17:08:44 INFO  [] [main] n.d.b.g.s.a.GrpcServerFactoryAutoConfiguration : Detected grpc-netty-shaded: Creating ShadedNettyGrpcServerFactory
2026-03-04 17:08:44 INFO  [] [main] n.d.b.g.c.a.GrpcClientAutoConfiguration : Detected grpc-netty-shaded: Creating ShadedNettyChannelFactory + InProcessChannelFactory
2026-03-04 17:08:44 INFO  [] [main] o.s.b.a.e.web.EndpointLinksResolver : Exposing 2 endpoints beneath base path '/api/v1/base/actuator'
2026-03-04 17:08:44 INFO  [] [main] o.a.coyote.http11.Http11NioProtocol : Starting ProtocolHandler ["http-nio-8080"]
2026-03-04 17:08:44 INFO  [] [main] o.s.b.w.e.tomcat.TomcatWebServer : Tomcat started on port 8080 (http) with context path '/'
2026-03-04 17:08:44 INFO  [] [main] n.d.b.g.s.s.AbstractGrpcServerFactory : Registered gRPC service: BaseTestGrpcService, bean: baseGrpcController, class: com.planit.basetemplate.grpc.BaseGrpcController
2026-03-04 17:08:44 INFO  [] [main] n.d.b.g.s.s.AbstractGrpcServerFactory : Registered gRPC service: grpc.health.v1.Health, bean: grpcHealthService, class: io.grpc.protobuf.services.HealthServiceImpl
2026-03-04 17:08:44 INFO  [] [main] n.d.b.g.s.s.AbstractGrpcServerFactory : Registered gRPC service: grpc.reflection.v1alpha.ServerReflection, bean: protoReflectionService, class: io.grpc.protobuf.services.ProtoReflectionService
2026-03-04 17:08:44 INFO  [] [main] n.d.b.g.s.s.GrpcServerLifecycle : gRPC Server started, listening on address: *, port: 9090
2026-03-04 17:08:44 INFO  [] [main] com.planit.PlanitApplication : Started PlanitApplication in 2.633 seconds (process running for 2.797)
2026-03-04 17:08:46 INFO  [] [http-nio-8080-exec-1] o.a.c.c.C.[Tomcat].[localhost].[/] : Initializing Spring DispatcherServlet 'dispatcherServlet'
2026-03-04 17:08:46 INFO  [] [http-nio-8080-exec-1] o.s.web.servlet.DispatcherServlet : Initializing Servlet 'dispatcherServlet'
2026-03-04 17:08:46 INFO  [] [http-nio-8080-exec-1] o.s.web.servlet.DispatcherServlet : Completed initialization in 1 ms
2026-03-04 17:17:10 INFO  [] [SpringApplicationShutdownHook] n.d.b.g.s.s.GrpcServerLifecycle : Completed gRPC server shutdown
2026-03-04 17:17:10 INFO  [] [SpringApplicationShutdownHook] o.s.b.w.e.tomcat.GracefulShutdown : Commencing graceful shutdown. Waiting for active requests to complete
2026-03-04 17:17:10 INFO  [] [tomcat-shutdown] o.s.b.w.e.tomcat.GracefulShutdown : Graceful shutdown complete
2026-03-04 17:17:10 INFO  [] [SpringApplicationShutdownHook] o.s.o.j.LocalContainerEntityManagerFactoryBean : Closing JPA EntityManagerFactory for persistence unit 'default'
2026-03-04 17:17:10 INFO  [] [SpringApplicationShutdownHook] com.zaxxer.hikari.HikariDataSource : HikariPool-1 - Shutdown initiated...
2026-03-04 17:17:10 INFO  [] [SpringApplicationShutdownHook] com.zaxxer.hikari.HikariDataSource : HikariPool-1 - Shutdown completed.
2026-03-04 17:17:22 INFO  [] [main] com.planit.PlanitApplication : Starting PlanitApplication using Java 17.0.16 with PID 56879 (/Users/jybill01/Folder/02_Study/03_AWS_Cloud_School/03_Project/03_project/Full/PlanIt-Schedule-svc/build/classes/java/main started by jybill01 in /Users/jybill01/Folder/02_Study/03_AWS_Cloud_School/03_Project/03_project/Full/PlanIt-Schedule-svc)
2026-03-04 17:17:22 INFO  [] [main] com.planit.PlanitApplication : No active profile set, falling back to 1 default profile: "default"
2026-03-04 17:17:22 INFO  [] [main] o.s.d.r.c.RepositoryConfigurationDelegate : Bootstrapping Spring Data JPA repositories in DEFAULT mode.
2026-03-04 17:17:22 INFO  [] [main] o.s.d.r.c.RepositoryConfigurationDelegate : Finished Spring Data repository scanning in 24 ms. Found 5 JPA repository interfaces.
2026-03-04 17:17:23 INFO  [] [main] o.s.b.w.e.tomcat.TomcatWebServer : Tomcat initialized with port 8080 (http)
2026-03-04 17:17:23 INFO  [] [main] o.a.coyote.http11.Http11NioProtocol : Initializing ProtocolHandler ["http-nio-8080"]
2026-03-04 17:17:23 INFO  [] [main] o.a.catalina.core.StandardService : Starting service [Tomcat]
2026-03-04 17:17:23 INFO  [] [main] o.a.catalina.core.StandardEngine : Starting Servlet engine: [Apache Tomcat/10.1.52]
2026-03-04 17:17:23 INFO  [] [main] o.a.c.c.C.[Tomcat].[localhost].[/] : Initializing Spring embedded WebApplicationContext
2026-03-04 17:17:23 INFO  [] [main] o.s.b.w.s.c.ServletWebServerApplicationContext : Root WebApplicationContext: initialization completed in 621 ms
2026-03-04 17:17:23 INFO  [] [main] o.h.jpa.internal.util.LogHelper : HHH000204: Processing PersistenceUnitInfo [name: default]
2026-03-04 17:17:23 INFO  [] [main] org.hibernate.Version : HHH000412: Hibernate ORM core version 6.6.42.Final
2026-03-04 17:17:23 INFO  [] [main] o.h.c.i.RegionFactoryInitiator : HHH000026: Second-level cache disabled
2026-03-04 17:17:23 INFO  [] [main] o.s.o.j.p.SpringPersistenceUnitInfo : No LoadTimeWeaver setup: ignoring JPA class transformer
2026-03-04 17:17:23 INFO  [] [main] com.zaxxer.hikari.HikariDataSource : HikariPool-1 - Starting...
2026-03-04 17:17:23 INFO  [] [main] com.zaxxer.hikari.pool.HikariPool : HikariPool-1 - Added connection org.mariadb.jdbc.Connection@34eb5d01
2026-03-04 17:17:23 INFO  [] [main] com.zaxxer.hikari.HikariDataSource : HikariPool-1 - Start completed.
2026-03-04 17:17:24 INFO  [] [main] o.hibernate.orm.connections.pooling : HHH10001005: Database info:
	Database JDBC URL [Connecting through datasource 'HikariDataSource (HikariPool-1)']
	Database driver: undefined/unknown
	Database version: 12.2.2
	Autocommit mode: undefined/unknown
	Isolation level: undefined/unknown
	Minimum pool size: undefined/unknown
	Maximum pool size: undefined/unknown
2026-03-04 17:17:24 INFO  [] [main] o.h.e.t.j.p.i.JtaPlatformInitiator : HHH000489: No JTA platform available (set 'hibernate.transaction.jta.platform' to enable JTA platform integration)
2026-03-04 17:17:24 INFO  [] [main] o.s.o.j.LocalContainerEntityManagerFactoryBean : Initialized JPA EntityManagerFactory for persistence unit 'default'
2026-03-04 17:17:24 WARN  [] [main] o.s.b.a.o.j.JpaBaseConfiguration$JpaWebConfiguration : spring.jpa.open-in-view is enabled by default. Therefore, database queries may be performed during view rendering. Explicitly configure spring.jpa.open-in-view to disable this warning
2026-03-04 17:17:24 INFO  [] [main] n.d.b.g.s.a.GrpcServerFactoryAutoConfiguration : Detected grpc-netty-shaded: Creating ShadedNettyGrpcServerFactory
2026-03-04 17:17:24 INFO  [] [main] n.d.b.g.c.a.GrpcClientAutoConfiguration : Detected grpc-netty-shaded: Creating ShadedNettyChannelFactory + InProcessChannelFactory
2026-03-04 17:17:24 INFO  [] [main] o.s.b.a.e.web.EndpointLinksResolver : Exposing 2 endpoints beneath base path '/api/v1/base/actuator'
2026-03-04 17:17:24 INFO  [] [main] o.a.coyote.http11.Http11NioProtocol : Starting ProtocolHandler ["http-nio-8080"]
2026-03-04 17:17:24 INFO  [] [main] o.s.b.w.e.tomcat.TomcatWebServer : Tomcat started on port 8080 (http) with context path '/'
2026-03-04 17:17:24 INFO  [] [main] n.d.b.g.s.s.AbstractGrpcServerFactory : Registered gRPC service: BaseTestGrpcService, bean: baseGrpcController, class: com.planit.basetemplate.grpc.BaseGrpcController
2026-03-04 17:17:24 INFO  [] [main] n.d.b.g.s.s.AbstractGrpcServerFactory : Registered gRPC service: grpc.health.v1.Health, bean: grpcHealthService, class: io.grpc.protobuf.services.HealthServiceImpl
2026-03-04 17:17:24 INFO  [] [main] n.d.b.g.s.s.AbstractGrpcServerFactory : Registered gRPC service: grpc.reflection.v1alpha.ServerReflection, bean: protoReflectionService, class: io.grpc.protobuf.services.ProtoReflectionService
2026-03-04 17:17:24 INFO  [] [main] n.d.b.g.s.s.GrpcServerLifecycle : gRPC Server started, listening on address: *, port: 9090
2026-03-04 17:17:24 INFO  [] [main] com.planit.PlanitApplication : Started PlanitApplication in 2.564 seconds (process running for 2.729)
2026-03-04 17:17:37 INFO  [] [http-nio-8080-exec-1] o.a.c.c.C.[Tomcat].[localhost].[/] : Initializing Spring DispatcherServlet 'dispatcherServlet'
2026-03-04 17:17:37 INFO  [] [http-nio-8080-exec-1] o.s.web.servlet.DispatcherServlet : Initializing Servlet 'dispatcherServlet'
2026-03-04 17:17:37 INFO  [] [http-nio-8080-exec-1] o.s.web.servlet.DispatcherServlet : Completed initialization in 1 ms
2026-03-04 17:19:27 INFO  [] [SpringApplicationShutdownHook] n.d.b.g.s.s.GrpcServerLifecycle : Completed gRPC server shutdown
2026-03-04 17:19:27 INFO  [] [SpringApplicationShutdownHook] o.s.b.w.e.tomcat.GracefulShutdown : Commencing graceful shutdown. Waiting for active requests to complete
2026-03-04 17:19:27 INFO  [] [tomcat-shutdown] o.s.b.w.e.tomcat.GracefulShutdown : Graceful shutdown complete
2026-03-04 17:19:27 INFO  [] [SpringApplicationShutdownHook] o.s.o.j.LocalContainerEntityManagerFactoryBean : Closing JPA EntityManagerFactory for persistence unit 'default'
2026-03-04 17:19:27 INFO  [] [SpringApplicationShutdownHook] com.zaxxer.hikari.HikariDataSource : HikariPool-1 - Shutdown initiated...
2026-03-04 17:19:27 INFO  [] [SpringApplicationShutdownHook] com.zaxxer.hikari.HikariDataSource : HikariPool-1 - Shutdown completed.
2026-03-04 17:24:29 INFO  [] [main] com.planit.PlanitApplication : Starting PlanitApplication using Java 17.0.16 with PID 57798 (/Users/jybill01/Folder/02_Study/03_AWS_Cloud_School/03_Project/03_project/Full/PlanIt-Schedule-svc/build/classes/java/main started by jybill01 in /Users/jybill01/Folder/02_Study/03_AWS_Cloud_School/03_Project/03_project/Full/PlanIt-Schedule-svc)
2026-03-04 17:24:29 INFO  [] [main] com.planit.PlanitApplication : No active profile set, falling back to 1 default profile: "default"
2026-03-04 17:24:29 INFO  [] [main] o.s.d.r.c.RepositoryConfigurationDelegate : Bootstrapping Spring Data JPA repositories in DEFAULT mode.
2026-03-04 17:24:29 INFO  [] [main] o.s.d.r.c.RepositoryConfigurationDelegate : Finished Spring Data repository scanning in 30 ms. Found 5 JPA repository interfaces.
2026-03-04 17:24:30 INFO  [] [main] o.s.b.w.e.tomcat.TomcatWebServer : Tomcat initialized with port 8080 (http)
2026-03-04 17:24:30 INFO  [] [main] o.a.coyote.http11.Http11NioProtocol : Initializing ProtocolHandler ["http-nio-8080"]
2026-03-04 17:24:30 INFO  [] [main] o.a.catalina.core.StandardService : Starting service [Tomcat]
2026-03-04 17:24:30 INFO  [] [main] o.a.catalina.core.StandardEngine : Starting Servlet engine: [Apache Tomcat/10.1.52]
2026-03-04 17:24:30 INFO  [] [main] o.a.c.c.C.[Tomcat].[localhost].[/] : Initializing Spring embedded WebApplicationContext
2026-03-04 17:24:30 INFO  [] [main] o.s.b.w.s.c.ServletWebServerApplicationContext : Root WebApplicationContext: initialization completed in 1135 ms
2026-03-04 17:24:30 INFO  [] [main] o.h.jpa.internal.util.LogHelper : HHH000204: Processing PersistenceUnitInfo [name: default]
2026-03-04 17:24:30 INFO  [] [main] org.hibernate.Version : HHH000412: Hibernate ORM core version 6.6.42.Final
2026-03-04 17:24:30 INFO  [] [main] o.h.c.i.RegionFactoryInitiator : HHH000026: Second-level cache disabled
2026-03-04 17:24:30 INFO  [] [main] o.s.o.j.p.SpringPersistenceUnitInfo : No LoadTimeWeaver setup: ignoring JPA class transformer
2026-03-04 17:24:30 INFO  [] [main] com.zaxxer.hikari.HikariDataSource : HikariPool-1 - Starting...
2026-03-04 17:24:30 INFO  [] [main] com.zaxxer.hikari.pool.HikariPool : HikariPool-1 - Added connection org.mariadb.jdbc.Connection@4cfe9594
2026-03-04 17:24:30 INFO  [] [main] com.zaxxer.hikari.HikariDataSource : HikariPool-1 - Start completed.
2026-03-04 17:24:30 INFO  [] [main] o.hibernate.orm.connections.pooling : HHH10001005: Database info:
	Database JDBC URL [Connecting through datasource 'HikariDataSource (HikariPool-1)']
	Database driver: undefined/unknown
	Database version: 12.2.2
	Autocommit mode: undefined/unknown
	Isolation level: undefined/unknown
	Minimum pool size: undefined/unknown
	Maximum pool size: undefined/unknown
2026-03-04 17:24:31 INFO  [] [main] o.h.e.t.j.p.i.JtaPlatformInitiator : HHH000489: No JTA platform available (set 'hibernate.transaction.jta.platform' to enable JTA platform integration)
2026-03-04 17:24:31 INFO  [] [main] o.s.o.j.LocalContainerEntityManagerFactoryBean : Initialized JPA EntityManagerFactory for persistence unit 'default'
2026-03-04 17:24:31 WARN  [] [main] o.s.b.a.o.j.JpaBaseConfiguration$JpaWebConfiguration : spring.jpa.open-in-view is enabled by default. Therefore, database queries may be performed during view rendering. Explicitly configure spring.jpa.open-in-view to disable this warning
2026-03-04 17:24:31 INFO  [] [main] n.d.b.g.s.a.GrpcServerFactoryAutoConfiguration : Detected grpc-netty-shaded: Creating ShadedNettyGrpcServerFactory
2026-03-04 17:24:31 INFO  [] [main] n.d.b.g.c.a.GrpcClientAutoConfiguration : Detected grpc-netty-shaded: Creating ShadedNettyChannelFactory + InProcessChannelFactory
2026-03-04 17:24:31 INFO  [] [main] o.s.b.a.e.web.EndpointLinksResolver : Exposing 2 endpoints beneath base path '/api/v1/base/actuator'
2026-03-04 17:24:31 INFO  [] [main] o.a.coyote.http11.Http11NioProtocol : Starting ProtocolHandler ["http-nio-8080"]
2026-03-04 17:24:31 INFO  [] [main] o.s.b.w.e.tomcat.TomcatWebServer : Tomcat started on port 8080 (http) with context path '/'
2026-03-04 17:24:31 INFO  [] [main] n.d.b.g.s.s.AbstractGrpcServerFactory : Registered gRPC service: BaseTestGrpcService, bean: baseGrpcController, class: com.planit.basetemplate.grpc.BaseGrpcController
2026-03-04 17:24:31 INFO  [] [main] n.d.b.g.s.s.AbstractGrpcServerFactory : Registered gRPC service: grpc.health.v1.Health, bean: grpcHealthService, class: io.grpc.protobuf.services.HealthServiceImpl
2026-03-04 17:24:31 INFO  [] [main] n.d.b.g.s.s.AbstractGrpcServerFactory : Registered gRPC service: grpc.reflection.v1alpha.ServerReflection, bean: protoReflectionService, class: io.grpc.protobuf.services.ProtoReflectionService
2026-03-04 17:24:31 INFO  [] [main] n.d.b.g.s.s.GrpcServerLifecycle : gRPC Server started, listening on address: *, port: 9090
2026-03-04 17:24:31 INFO  [] [main] com.planit.PlanitApplication : Started PlanitApplication in 2.784 seconds (process running for 2.943)
2026-03-04 17:24:33 INFO  [] [http-nio-8080-exec-2] o.a.c.c.C.[Tomcat].[localhost].[/] : Initializing Spring DispatcherServlet 'dispatcherServlet'
2026-03-04 17:24:33 INFO  [] [http-nio-8080-exec-2] o.s.web.servlet.DispatcherServlet : Initializing Servlet 'dispatcherServlet'
2026-03-04 17:24:33 INFO  [] [http-nio-8080-exec-2] o.s.web.servlet.DispatcherServlet : Completed initialization in 1 ms
2026-03-04 17:42:17 INFO  [] [SpringApplicationShutdownHook] n.d.b.g.s.s.GrpcServerLifecycle : Completed gRPC server shutdown
2026-03-04 17:42:17 INFO  [] [SpringApplicationShutdownHook] o.s.b.w.e.tomcat.GracefulShutdown : Commencing graceful shutdown. Waiting for active requests to complete
2026-03-04 17:42:17 INFO  [] [tomcat-shutdown] o.s.b.w.e.tomcat.GracefulShutdown : Graceful shutdown complete
2026-03-04 17:42:17 INFO  [] [SpringApplicationShutdownHook] o.s.o.j.LocalContainerEntityManagerFactoryBean : Closing JPA EntityManagerFactory for persistence unit 'default'
2026-03-04 17:42:17 INFO  [] [SpringApplicationShutdownHook] com.zaxxer.hikari.HikariDataSource : HikariPool-1 - Shutdown initiated...
2026-03-04 17:42:17 INFO  [] [SpringApplicationShutdownHook] com.zaxxer.hikari.HikariDataSource : HikariPool-1 - Shutdown completed.
2026-03-04 17:42:22 INFO  [] [main] com.planit.PlanitApplication : Starting PlanitApplication using Java 17.0.16 with PID 60038 (/Users/jybill01/Folder/02_Study/03_AWS_Cloud_School/03_Project/03_project/Full/PlanIt-Schedule-svc/build/classes/java/main started by jybill01 in /Users/jybill01/Folder/02_Study/03_AWS_Cloud_School/03_Project/03_project/Full/PlanIt-Schedule-svc)
2026-03-04 17:42:22 INFO  [] [main] com.planit.PlanitApplication : No active profile set, falling back to 1 default profile: "default"
2026-03-04 17:42:22 INFO  [] [main] o.s.d.r.c.RepositoryConfigurationDelegate : Bootstrapping Spring Data JPA repositories in DEFAULT mode.
2026-03-04 17:42:22 INFO  [] [main] o.s.d.r.c.RepositoryConfigurationDelegate : Finished Spring Data repository scanning in 23 ms. Found 5 JPA repository interfaces.
2026-03-04 17:42:22 INFO  [] [main] o.s.b.w.e.tomcat.TomcatWebServer : Tomcat initialized with port 8080 (http)
2026-03-04 17:42:22 INFO  [] [main] o.a.coyote.http11.Http11NioProtocol : Initializing ProtocolHandler ["http-nio-8080"]
2026-03-04 17:42:22 INFO  [] [main] o.a.catalina.core.StandardService : Starting service [Tomcat]
2026-03-04 17:42:22 INFO  [] [main] o.a.catalina.core.StandardEngine : Starting Servlet engine: [Apache Tomcat/10.1.52]
2026-03-04 17:42:22 INFO  [] [main] o.a.c.c.C.[Tomcat].[localhost].[/] : Initializing Spring embedded WebApplicationContext
2026-03-04 17:42:22 INFO  [] [main] o.s.b.w.s.c.ServletWebServerApplicationContext : Root WebApplicationContext: initialization completed in 615 ms
2026-03-04 17:42:22 INFO  [] [main] o.h.jpa.internal.util.LogHelper : HHH000204: Processing PersistenceUnitInfo [name: default]
2026-03-04 17:42:22 INFO  [] [main] org.hibernate.Version : HHH000412: Hibernate ORM core version 6.6.42.Final
2026-03-04 17:42:22 INFO  [] [main] o.h.c.i.RegionFactoryInitiator : HHH000026: Second-level cache disabled
2026-03-04 17:42:23 INFO  [] [main] o.s.o.j.p.SpringPersistenceUnitInfo : No LoadTimeWeaver setup: ignoring JPA class transformer
2026-03-04 17:42:23 INFO  [] [main] com.zaxxer.hikari.HikariDataSource : HikariPool-1 - Starting...
2026-03-04 17:42:23 INFO  [] [main] com.zaxxer.hikari.pool.HikariPool : HikariPool-1 - Added connection org.mariadb.jdbc.Connection@4cfe9594
2026-03-04 17:42:23 INFO  [] [main] com.zaxxer.hikari.HikariDataSource : HikariPool-1 - Start completed.
2026-03-04 17:42:23 INFO  [] [main] o.hibernate.orm.connections.pooling : HHH10001005: Database info:
	Database JDBC URL [Connecting through datasource 'HikariDataSource (HikariPool-1)']
	Database driver: undefined/unknown
	Database version: 12.2.2
	Autocommit mode: undefined/unknown
	Isolation level: undefined/unknown
	Minimum pool size: undefined/unknown
	Maximum pool size: undefined/unknown
2026-03-04 17:42:23 INFO  [] [main] o.h.e.t.j.p.i.JtaPlatformInitiator : HHH000489: No JTA platform available (set 'hibernate.transaction.jta.platform' to enable JTA platform integration)
2026-03-04 17:42:23 INFO  [] [main] o.s.o.j.LocalContainerEntityManagerFactoryBean : Initialized JPA EntityManagerFactory for persistence unit 'default'
2026-03-04 17:42:23 WARN  [] [main] o.s.b.a.o.j.JpaBaseConfiguration$JpaWebConfiguration : spring.jpa.open-in-view is enabled by default. Therefore, database queries may be performed during view rendering. Explicitly configure spring.jpa.open-in-view to disable this warning
2026-03-04 17:42:23 INFO  [] [main] n.d.b.g.s.a.GrpcServerFactoryAutoConfiguration : Detected grpc-netty-shaded: Creating ShadedNettyGrpcServerFactory
2026-03-04 17:42:23 INFO  [] [main] n.d.b.g.c.a.GrpcClientAutoConfiguration : Detected grpc-netty-shaded: Creating ShadedNettyChannelFactory + InProcessChannelFactory
2026-03-04 17:42:24 INFO  [] [main] o.s.b.a.e.web.EndpointLinksResolver : Exposing 2 endpoints beneath base path '/api/v1/base/actuator'
2026-03-04 17:42:24 INFO  [] [main] o.a.coyote.http11.Http11NioProtocol : Starting ProtocolHandler ["http-nio-8080"]
2026-03-04 17:42:24 INFO  [] [main] o.s.b.w.e.tomcat.TomcatWebServer : Tomcat started on port 8080 (http) with context path '/'
2026-03-04 17:42:24 INFO  [] [main] n.d.b.g.s.s.AbstractGrpcServerFactory : Registered gRPC service: BaseTestGrpcService, bean: baseGrpcController, class: com.planit.basetemplate.grpc.BaseGrpcController
2026-03-04 17:42:24 INFO  [] [main] n.d.b.g.s.s.AbstractGrpcServerFactory : Registered gRPC service: grpc.health.v1.Health, bean: grpcHealthService, class: io.grpc.protobuf.services.HealthServiceImpl
2026-03-04 17:42:24 INFO  [] [main] n.d.b.g.s.s.AbstractGrpcServerFactory : Registered gRPC service: grpc.reflection.v1alpha.ServerReflection, bean: protoReflectionService, class: io.grpc.protobuf.services.ProtoReflectionService
2026-03-04 17:42:24 INFO  [] [main] n.d.b.g.s.s.GrpcServerLifecycle : gRPC Server started, listening on address: *, port: 9090
2026-03-04 17:42:24 INFO  [] [main] com.planit.PlanitApplication : Started PlanitApplication in 2.209 seconds (process running for 2.4)
2026-03-04 17:42:30 INFO  [] [http-nio-8080-exec-1] o.a.c.c.C.[Tomcat].[localhost].[/] : Initializing Spring DispatcherServlet 'dispatcherServlet'
2026-03-04 17:42:30 INFO  [] [http-nio-8080-exec-1] o.s.web.servlet.DispatcherServlet : Initializing Servlet 'dispatcherServlet'
2026-03-04 17:42:30 INFO  [] [http-nio-8080-exec-1] o.s.web.servlet.DispatcherServlet : Completed initialization in 1 ms
2026-03-04 17:43:10 WARN  [69a7f09e3f135b0213622c548555624e] [http-nio-8080-exec-2] o.m.jdbc.message.server.ErrorPacket : Error: 1364-HY000: Field 'complet' doesn't have a default value
2026-03-04 17:43:10 WARN  [69a7f09e3f135b0213622c548555624e] [http-nio-8080-exec-2] o.h.e.jdbc.spi.SqlExceptionHelper : SQL Error: 1364, SQLState: HY000
2026-03-04 17:43:10 ERROR [69a7f09e3f135b0213622c548555624e] [http-nio-8080-exec-2] o.h.e.jdbc.spi.SqlExceptionHelper : (conn=674) Field 'complet' doesn't have a default value
2026-03-04 17:44:01 INFO  [] [SpringApplicationShutdownHook] n.d.b.g.s.s.GrpcServerLifecycle : Completed gRPC server shutdown
2026-03-04 17:44:01 INFO  [] [SpringApplicationShutdownHook] o.s.b.w.e.tomcat.GracefulShutdown : Commencing graceful shutdown. Waiting for active requests to complete
2026-03-04 17:44:01 INFO  [] [tomcat-shutdown] o.s.b.w.e.tomcat.GracefulShutdown : Graceful shutdown complete
2026-03-04 17:44:01 INFO  [] [SpringApplicationShutdownHook] o.s.o.j.LocalContainerEntityManagerFactoryBean : Closing JPA EntityManagerFactory for persistence unit 'default'
2026-03-04 17:44:01 INFO  [] [SpringApplicationShutdownHook] com.zaxxer.hikari.HikariDataSource : HikariPool-1 - Shutdown initiated...
2026-03-04 17:44:01 INFO  [] [SpringApplicationShutdownHook] com.zaxxer.hikari.HikariDataSource : HikariPool-1 - Shutdown completed.
2026-03-04 17:44:45 INFO  [] [main] com.planit.PlanitApplication : Starting PlanitApplication using Java 17.0.16 with PID 60476 (/Users/jybill01/Folder/02_Study/03_AWS_Cloud_School/03_Project/03_project/Full/PlanIt-Schedule-svc/build/classes/java/main started by jybill01 in /Users/jybill01/Folder/02_Study/03_AWS_Cloud_School/03_Project/03_project/Full/PlanIt-Schedule-svc)
2026-03-04 17:44:45 INFO  [] [main] com.planit.PlanitApplication : No active profile set, falling back to 1 default profile: "default"
2026-03-04 17:44:45 INFO  [] [main] o.s.d.r.c.RepositoryConfigurationDelegate : Bootstrapping Spring Data JPA repositories in DEFAULT mode.
2026-03-04 17:44:45 INFO  [] [main] o.s.d.r.c.RepositoryConfigurationDelegate : Finished Spring Data repository scanning in 23 ms. Found 5 JPA repository interfaces.
2026-03-04 17:44:46 INFO  [] [main] o.s.b.w.e.tomcat.TomcatWebServer : Tomcat initialized with port 8080 (http)
2026-03-04 17:44:46 INFO  [] [main] o.a.coyote.http11.Http11NioProtocol : Initializing ProtocolHandler ["http-nio-8080"]
2026-03-04 17:44:46 INFO  [] [main] o.a.catalina.core.StandardService : Starting service [Tomcat]
2026-03-04 17:44:46 INFO  [] [main] o.a.catalina.core.StandardEngine : Starting Servlet engine: [Apache Tomcat/10.1.52]
2026-03-04 17:44:46 INFO  [] [main] o.a.c.c.C.[Tomcat].[localhost].[/] : Initializing Spring embedded WebApplicationContext
2026-03-04 17:44:46 INFO  [] [main] o.s.b.w.s.c.ServletWebServerApplicationContext : Root WebApplicationContext: initialization completed in 616 ms
2026-03-04 17:44:46 INFO  [] [main] o.h.jpa.internal.util.LogHelper : HHH000204: Processing PersistenceUnitInfo [name: default]
2026-03-04 17:44:46 INFO  [] [main] org.hibernate.Version : HHH000412: Hibernate ORM core version 6.6.42.Final
2026-03-04 17:44:46 INFO  [] [main] o.h.c.i.RegionFactoryInitiator : HHH000026: Second-level cache disabled
2026-03-04 17:44:46 INFO  [] [main] o.s.o.j.p.SpringPersistenceUnitInfo : No LoadTimeWeaver setup: ignoring JPA class transformer
2026-03-04 17:44:46 INFO  [] [main] com.zaxxer.hikari.HikariDataSource : HikariPool-1 - Starting...
2026-03-04 17:44:46 INFO  [] [main] com.zaxxer.hikari.pool.HikariPool : HikariPool-1 - Added connection org.mariadb.jdbc.Connection@6e66b498
2026-03-04 17:44:46 INFO  [] [main] com.zaxxer.hikari.HikariDataSource : HikariPool-1 - Start completed.
2026-03-04 17:44:46 INFO  [] [main] o.hibernate.orm.connections.pooling : HHH10001005: Database info:
	Database JDBC URL [Connecting through datasource 'HikariDataSource (HikariPool-1)']
	Database driver: undefined/unknown
	Database version: 12.2.2
	Autocommit mode: undefined/unknown
	Isolation level: undefined/unknown
	Minimum pool size: undefined/unknown
	Maximum pool size: undefined/unknown
2026-03-04 17:44:46 INFO  [] [main] o.h.e.t.j.p.i.JtaPlatformInitiator : HHH000489: No JTA platform available (set 'hibernate.transaction.jta.platform' to enable JTA platform integration)
2026-03-04 17:44:46 INFO  [] [main] o.s.o.j.LocalContainerEntityManagerFactoryBean : Initialized JPA EntityManagerFactory for persistence unit 'default'
2026-03-04 17:44:46 WARN  [] [main] o.s.b.a.o.j.JpaBaseConfiguration$JpaWebConfiguration : spring.jpa.open-in-view is enabled by default. Therefore, database queries may be performed during view rendering. Explicitly configure spring.jpa.open-in-view to disable this warning
2026-03-04 17:44:47 INFO  [] [main] n.d.b.g.s.a.GrpcServerFactoryAutoConfiguration : Detected grpc-netty-shaded: Creating ShadedNettyGrpcServerFactory
2026-03-04 17:44:47 INFO  [] [main] n.d.b.g.c.a.GrpcClientAutoConfiguration : Detected grpc-netty-shaded: Creating ShadedNettyChannelFactory + InProcessChannelFactory
2026-03-04 17:44:47 INFO  [] [main] o.s.b.a.e.web.EndpointLinksResolver : Exposing 2 endpoints beneath base path '/api/v1/base/actuator'
2026-03-04 17:44:47 INFO  [] [main] o.a.coyote.http11.Http11NioProtocol : Starting ProtocolHandler ["http-nio-8080"]
2026-03-04 17:44:47 INFO  [] [main] o.s.b.w.e.tomcat.TomcatWebServer : Tomcat started on port 8080 (http) with context path '/'
2026-03-04 17:44:47 INFO  [] [main] n.d.b.g.s.s.AbstractGrpcServerFactory : Registered gRPC service: BaseTestGrpcService, bean: baseGrpcController, class: com.planit.basetemplate.grpc.BaseGrpcController
2026-03-04 17:44:47 INFO  [] [main] n.d.b.g.s.s.AbstractGrpcServerFactory : Registered gRPC service: grpc.health.v1.Health, bean: grpcHealthService, class: io.grpc.protobuf.services.HealthServiceImpl
2026-03-04 17:44:47 INFO  [] [main] n.d.b.g.s.s.AbstractGrpcServerFactory : Registered gRPC service: grpc.reflection.v1alpha.ServerReflection, bean: protoReflectionService, class: io.grpc.protobuf.services.ProtoReflectionService
2026-03-04 17:44:47 INFO  [] [main] n.d.b.g.s.s.GrpcServerLifecycle : gRPC Server started, listening on address: *, port: 9090
2026-03-04 17:44:47 INFO  [] [main] com.planit.PlanitApplication : Started PlanitApplication in 2.032 seconds (process running for 2.2)
2026-03-04 17:44:50 INFO  [] [http-nio-8080-exec-2] o.a.c.c.C.[Tomcat].[localhost].[/] : Initializing Spring DispatcherServlet 'dispatcherServlet'
2026-03-04 17:44:50 INFO  [] [http-nio-8080-exec-2] o.s.web.servlet.DispatcherServlet : Initializing Servlet 'dispatcherServlet'
2026-03-04 17:44:50 INFO  [] [http-nio-8080-exec-2] o.s.web.servlet.DispatcherServlet : Completed initialization in 1 ms
2026-03-04 17:53:40 INFO  [] [SpringApplicationShutdownHook] n.d.b.g.s.s.GrpcServerLifecycle : Completed gRPC server shutdown
2026-03-04 17:53:40 INFO  [] [SpringApplicationShutdownHook] o.s.b.w.e.tomcat.GracefulShutdown : Commencing graceful shutdown. Waiting for active requests to complete
2026-03-04 17:53:40 INFO  [] [tomcat-shutdown] o.s.b.w.e.tomcat.GracefulShutdown : Graceful shutdown complete
2026-03-04 17:53:40 INFO  [] [SpringApplicationShutdownHook] o.s.o.j.LocalContainerEntityManagerFactoryBean : Closing JPA EntityManagerFactory for persistence unit 'default'
2026-03-04 17:53:40 INFO  [] [SpringApplicationShutdownHook] com.zaxxer.hikari.HikariDataSource : HikariPool-1 - Shutdown initiated...
2026-03-04 17:53:40 INFO  [] [SpringApplicationShutdownHook] com.zaxxer.hikari.HikariDataSource : HikariPool-1 - Shutdown completed.
2026-03-04 18:18:01 INFO  [] [Test worker] c.p.b.PlanitBaseTemplateApplicationTests : Starting PlanitBaseTemplateApplicationTests using Java 17.0.16 with PID 64630 (started by jybill01 in /Users/jybill01/Folder/02_Study/03_AWS_Cloud_School/03_Project/03_project/Full/PlanIt-Schedule-svc)
2026-03-04 18:18:01 INFO  [] [Test worker] c.p.b.PlanitBaseTemplateApplicationTests : No active profile set, falling back to 1 default profile: "default"
2026-03-04 18:18:02 INFO  [] [Test worker] o.s.d.r.c.RepositoryConfigurationDelegate : Bootstrapping Spring Data JPA repositories in DEFAULT mode.
2026-03-04 18:18:02 INFO  [] [Test worker] o.s.d.r.c.RepositoryConfigurationDelegate : Finished Spring Data repository scanning in 118 ms. Found 8 JPA repository interfaces.
2026-03-04 18:18:02 INFO  [] [Test worker] o.h.jpa.internal.util.LogHelper : HHH000204: Processing PersistenceUnitInfo [name: default]
2026-03-04 18:18:02 INFO  [] [Test worker] org.hibernate.Version : HHH000412: Hibernate ORM core version 6.6.42.Final
2026-03-04 18:18:02 INFO  [] [Test worker] o.h.c.i.RegionFactoryInitiator : HHH000026: Second-level cache disabled
2026-03-04 18:18:02 INFO  [] [Test worker] o.s.o.j.p.SpringPersistenceUnitInfo : No LoadTimeWeaver setup: ignoring JPA class transformer
2026-03-04 18:18:02 INFO  [] [Test worker] com.zaxxer.hikari.HikariDataSource : HikariPool-1 - Starting...
2026-03-04 18:18:02 INFO  [] [Test worker] com.zaxxer.hikari.pool.HikariPool : HikariPool-1 - Added connection org.mariadb.jdbc.Connection@79631db0
2026-03-04 18:18:02 INFO  [] [Test worker] com.zaxxer.hikari.HikariDataSource : HikariPool-1 - Start completed.
2026-03-04 18:18:02 INFO  [] [Test worker] o.hibernate.orm.connections.pooling : HHH10001005: Database info:
	Database JDBC URL [Connecting through datasource 'HikariDataSource (HikariPool-1)']
	Database driver: undefined/unknown
	Database version: 12.2.2
	Autocommit mode: undefined/unknown
	Isolation level: undefined/unknown
	Minimum pool size: undefined/unknown
	Maximum pool size: undefined/unknown
2026-03-04 18:18:03 INFO  [] [Test worker] o.h.e.t.j.p.i.JtaPlatformInitiator : HHH000489: No JTA platform available (set 'hibernate.transaction.jta.platform' to enable JTA platform integration)
2026-03-04 18:18:03 INFO  [] [Test worker] o.s.o.j.LocalContainerEntityManagerFactoryBean : Initialized JPA EntityManagerFactory for persistence unit 'default'
2026-03-04 18:18:03 INFO  [] [Test worker] o.s.d.j.r.query.QueryEnhancerFactory : Hibernate is in classpath; If applicable, HQL parser will be used.
2026-03-04 18:18:03 INFO  [] [Test worker] n.d.b.g.c.a.GrpcClientAutoConfiguration : Detected grpc-netty-shaded: Creating ShadedNettyChannelFactory + InProcessChannelFactory
2026-03-04 18:18:03 WARN  [] [Test worker] o.s.b.a.o.j.JpaBaseConfiguration$JpaWebConfiguration : spring.jpa.open-in-view is enabled by default. Therefore, database queries may be performed during view rendering. Explicitly configure spring.jpa.open-in-view to disable this warning
2026-03-04 18:18:03 INFO  [] [Test worker] n.d.b.g.s.a.GrpcServerFactoryAutoConfiguration : Detected grpc-netty-shaded: Creating ShadedNettyGrpcServerFactory
2026-03-04 18:18:03 INFO  [] [Test worker] o.s.b.a.e.web.EndpointLinksResolver : Exposing 2 endpoints beneath base path '/api/v1/base/actuator'
2026-03-04 18:18:03 INFO  [] [Test worker] n.d.b.g.s.s.AbstractGrpcServerFactory : Registered gRPC service: BaseTestGrpcService, bean: baseGrpcController, class: com.planit.basetemplate.grpc.BaseGrpcController
2026-03-04 18:18:03 INFO  [] [Test worker] n.d.b.g.s.s.AbstractGrpcServerFactory : Registered gRPC service: grpc.health.v1.Health, bean: grpcHealthService, class: io.grpc.protobuf.services.HealthServiceImpl
2026-03-04 18:18:03 INFO  [] [Test worker] n.d.b.g.s.s.AbstractGrpcServerFactory : Registered gRPC service: grpc.reflection.v1alpha.ServerReflection, bean: protoReflectionService, class: io.grpc.protobuf.services.ProtoReflectionService
2026-03-04 18:18:03 INFO  [] [Test worker] n.d.b.g.s.s.GrpcServerLifecycle : gRPC Server started, listening on address: *, port: 9091
2026-03-04 18:18:03 INFO  [] [Test worker] c.p.b.PlanitBaseTemplateApplicationTests : Started PlanitBaseTemplateApplicationTests in 2.428 seconds (process running for 3.404)
2026-03-04 18:18:04 INFO  [] [SpringApplicationShutdownHook] n.d.b.g.s.s.GrpcServerLifecycle : Completed gRPC server shutdown
2026-03-04 18:18:04 INFO  [] [SpringApplicationShutdownHook] o.s.o.j.LocalContainerEntityManagerFactoryBean : Closing JPA EntityManagerFactory for persistence unit 'default'
2026-03-04 18:18:04 INFO  [] [SpringApplicationShutdownHook] com.zaxxer.hikari.HikariDataSource : HikariPool-1 - Shutdown initiated...
2026-03-04 18:18:04 INFO  [] [SpringApplicationShutdownHook] com.zaxxer.hikari.HikariDataSource : HikariPool-1 - Shutdown completed.
2026-03-04 19:06:57 INFO  [] [main] com.planit.PlanitApplication : Starting PlanitApplication using Java 17.0.16 with PID 69440 (/Users/jybill01/Folder/02_Study/03_AWS_Cloud_School/03_Project/03_project/Full/PlanIt-Schedule-svc/build/classes/java/main started by jybill01 in /Users/jybill01/Folder/02_Study/03_AWS_Cloud_School/03_Project/03_project/Full/PlanIt-Schedule-svc)
2026-03-04 19:06:57 INFO  [] [main] com.planit.PlanitApplication : No active profile set, falling back to 1 default profile: "default"
2026-03-04 19:06:58 INFO  [] [main] o.s.d.r.c.RepositoryConfigurationDelegate : Bootstrapping Spring Data JPA repositories in DEFAULT mode.
2026-03-04 19:06:58 INFO  [] [main] o.s.d.r.c.RepositoryConfigurationDelegate : Finished Spring Data repository scanning in 29 ms. Found 8 JPA repository interfaces.
2026-03-04 19:06:58 INFO  [] [main] o.s.b.w.e.tomcat.TomcatWebServer : Tomcat initialized with port 8080 (http)
2026-03-04 19:06:58 INFO  [] [main] o.a.coyote.http11.Http11NioProtocol : Initializing ProtocolHandler ["http-nio-8080"]
2026-03-04 19:06:58 INFO  [] [main] o.a.catalina.core.StandardService : Starting service [Tomcat]
2026-03-04 19:06:58 INFO  [] [main] o.a.catalina.core.StandardEngine : Starting Servlet engine: [Apache Tomcat/10.1.52]
2026-03-04 19:06:58 INFO  [] [main] o.a.c.c.C.[Tomcat].[localhost].[/] : Initializing Spring embedded WebApplicationContext
2026-03-04 19:06:58 INFO  [] [main] o.s.b.w.s.c.ServletWebServerApplicationContext : Root WebApplicationContext: initialization completed in 651 ms
2026-03-04 19:06:58 INFO  [] [main] o.h.jpa.internal.util.LogHelper : HHH000204: Processing PersistenceUnitInfo [name: default]
2026-03-04 19:06:58 INFO  [] [main] org.hibernate.Version : HHH000412: Hibernate ORM core version 6.6.42.Final
2026-03-04 19:06:58 INFO  [] [main] o.h.c.i.RegionFactoryInitiator : HHH000026: Second-level cache disabled
2026-03-04 19:06:59 INFO  [] [main] o.s.o.j.p.SpringPersistenceUnitInfo : No LoadTimeWeaver setup: ignoring JPA class transformer
2026-03-04 19:06:59 INFO  [] [main] com.zaxxer.hikari.HikariDataSource : HikariPool-1 - Starting...
2026-03-04 19:06:59 INFO  [] [main] com.zaxxer.hikari.pool.HikariPool : HikariPool-1 - Added connection org.mariadb.jdbc.Connection@43df1377
2026-03-04 19:06:59 INFO  [] [main] com.zaxxer.hikari.HikariDataSource : HikariPool-1 - Start completed.
2026-03-04 19:06:59 INFO  [] [main] o.hibernate.orm.connections.pooling : HHH10001005: Database info:
	Database JDBC URL [Connecting through datasource 'HikariDataSource (HikariPool-1)']
	Database driver: undefined/unknown
	Database version: 12.2.2
	Autocommit mode: undefined/unknown
	Isolation level: undefined/unknown
	Minimum pool size: undefined/unknown
	Maximum pool size: undefined/unknown
2026-03-04 19:06:59 INFO  [] [main] o.h.e.t.j.p.i.JtaPlatformInitiator : HHH000489: No JTA platform available (set 'hibernate.transaction.jta.platform' to enable JTA platform integration)
2026-03-04 19:07:00 INFO  [] [main] o.s.o.j.LocalContainerEntityManagerFactoryBean : Initialized JPA EntityManagerFactory for persistence unit 'default'
2026-03-04 19:07:00 INFO  [] [main] o.s.d.j.r.query.QueryEnhancerFactory : Hibernate is in classpath; If applicable, HQL parser will be used.
2026-03-04 19:07:00 INFO  [] [main] n.d.b.g.c.a.GrpcClientAutoConfiguration : Detected grpc-netty-shaded: Creating ShadedNettyChannelFactory + InProcessChannelFactory
2026-03-04 19:07:00 WARN  [] [main] o.s.b.a.o.j.JpaBaseConfiguration$JpaWebConfiguration : spring.jpa.open-in-view is enabled by default. Therefore, database queries may be performed during view rendering. Explicitly configure spring.jpa.open-in-view to disable this warning
2026-03-04 19:07:00 INFO  [] [main] n.d.b.g.s.a.GrpcServerFactoryAutoConfiguration : Detected grpc-netty-shaded: Creating ShadedNettyGrpcServerFactory
2026-03-04 19:07:00 INFO  [] [main] o.s.b.a.e.web.EndpointLinksResolver : Exposing 2 endpoints beneath base path '/api/v1/base/actuator'
2026-03-04 19:07:00 INFO  [] [main] o.a.coyote.http11.Http11NioProtocol : Starting ProtocolHandler ["http-nio-8080"]
2026-03-04 19:07:00 INFO  [] [main] o.s.b.w.e.tomcat.TomcatWebServer : Tomcat started on port 8080 (http) with context path '/'
2026-03-04 19:07:00 INFO  [] [main] n.d.b.g.s.s.AbstractGrpcServerFactory : Registered gRPC service: BaseTestGrpcService, bean: baseGrpcController, class: com.planit.basetemplate.grpc.BaseGrpcController
2026-03-04 19:07:00 INFO  [] [main] n.d.b.g.s.s.AbstractGrpcServerFactory : Registered gRPC service: grpc.health.v1.Health, bean: grpcHealthService, class: io.grpc.protobuf.services.HealthServiceImpl
2026-03-04 19:07:00 INFO  [] [main] n.d.b.g.s.s.AbstractGrpcServerFactory : Registered gRPC service: grpc.reflection.v1alpha.ServerReflection, bean: protoReflectionService, class: io.grpc.protobuf.services.ProtoReflectionService
2026-03-04 19:07:00 INFO  [] [main] n.d.b.g.s.s.GrpcServerLifecycle : gRPC Server started, listening on address: *, port: 9091
2026-03-04 19:07:00 INFO  [] [main] com.planit.PlanitApplication : Started PlanitApplication in 3.465 seconds (process running for 3.593)
2026-03-04 19:07:06 INFO  [] [http-nio-8080-exec-1] o.a.c.c.C.[Tomcat].[localhost].[/] : Initializing Spring DispatcherServlet 'dispatcherServlet'
2026-03-04 19:07:06 INFO  [] [http-nio-8080-exec-1] o.s.web.servlet.DispatcherServlet : Initializing Servlet 'dispatcherServlet'
2026-03-04 19:07:06 INFO  [] [http-nio-8080-exec-1] o.s.web.servlet.DispatcherServlet : Completed initialization in 2 ms
2026-03-04 19:09:56 INFO  [] [SpringApplicationShutdownHook] n.d.b.g.s.s.GrpcServerLifecycle : Completed gRPC server shutdown
2026-03-04 19:09:56 INFO  [] [SpringApplicationShutdownHook] o.s.b.w.e.tomcat.GracefulShutdown : Commencing graceful shutdown. Waiting for active requests to complete
2026-03-04 19:09:56 INFO  [] [tomcat-shutdown] o.s.b.w.e.tomcat.GracefulShutdown : Graceful shutdown complete
2026-03-04 19:09:56 INFO  [] [SpringApplicationShutdownHook] o.s.o.j.LocalContainerEntityManagerFactoryBean : Closing JPA EntityManagerFactory for persistence unit 'default'
2026-03-04 19:09:56 INFO  [] [SpringApplicationShutdownHook] com.zaxxer.hikari.HikariDataSource : HikariPool-1 - Shutdown initiated...
2026-03-04 19:09:56 INFO  [] [SpringApplicationShutdownHook] com.zaxxer.hikari.HikariDataSource : HikariPool-1 - Shutdown completed.
2026-03-04 19:11:30 INFO  [] [main] com.planit.PlanitApplication : Starting PlanitApplication using Java 17.0.16 with PID 70210 (/Users/jybill01/Folder/02_Study/03_AWS_Cloud_School/03_Project/03_project/Full/PlanIt-Schedule-svc/build/classes/java/main started by jybill01 in /Users/jybill01/Folder/02_Study/03_AWS_Cloud_School/03_Project/03_project/Full/PlanIt-Schedule-svc)
2026-03-04 19:11:30 INFO  [] [main] com.planit.PlanitApplication : No active profile set, falling back to 1 default profile: "default"
2026-03-04 19:11:30 INFO  [] [main] o.s.d.r.c.RepositoryConfigurationDelegate : Bootstrapping Spring Data JPA repositories in DEFAULT mode.
2026-03-04 19:11:30 INFO  [] [main] o.s.d.r.c.RepositoryConfigurationDelegate : Finished Spring Data repository scanning in 27 ms. Found 8 JPA repository interfaces.
2026-03-04 19:11:31 INFO  [] [main] o.s.b.w.e.tomcat.TomcatWebServer : Tomcat initialized with port 8080 (http)
2026-03-04 19:11:31 INFO  [] [main] o.a.coyote.http11.Http11NioProtocol : Initializing ProtocolHandler ["http-nio-8080"]
2026-03-04 19:11:31 INFO  [] [main] o.a.catalina.core.StandardService : Starting service [Tomcat]
2026-03-04 19:11:31 INFO  [] [main] o.a.catalina.core.StandardEngine : Starting Servlet engine: [Apache Tomcat/10.1.52]
2026-03-04 19:11:31 INFO  [] [main] o.a.c.c.C.[Tomcat].[localhost].[/] : Initializing Spring embedded WebApplicationContext
2026-03-04 19:11:31 INFO  [] [main] o.s.b.w.s.c.ServletWebServerApplicationContext : Root WebApplicationContext: initialization completed in 823 ms
2026-03-04 19:11:31 INFO  [] [main] o.h.jpa.internal.util.LogHelper : HHH000204: Processing PersistenceUnitInfo [name: default]
2026-03-04 19:11:31 INFO  [] [main] org.hibernate.Version : HHH000412: Hibernate ORM core version 6.6.42.Final
2026-03-04 19:11:31 INFO  [] [main] o.h.c.i.RegionFactoryInitiator : HHH000026: Second-level cache disabled
2026-03-04 19:11:31 INFO  [] [main] o.s.o.j.p.SpringPersistenceUnitInfo : No LoadTimeWeaver setup: ignoring JPA class transformer
2026-03-04 19:11:31 INFO  [] [main] com.zaxxer.hikari.HikariDataSource : HikariPool-1 - Starting...
2026-03-04 19:11:31 INFO  [] [main] com.zaxxer.hikari.pool.HikariPool : HikariPool-1 - Added connection org.mariadb.jdbc.Connection@434a8938
2026-03-04 19:11:31 INFO  [] [main] com.zaxxer.hikari.HikariDataSource : HikariPool-1 - Start completed.
2026-03-04 19:11:31 INFO  [] [main] o.hibernate.orm.connections.pooling : HHH10001005: Database info:
	Database JDBC URL [Connecting through datasource 'HikariDataSource (HikariPool-1)']
	Database driver: undefined/unknown
	Database version: 12.2.2
	Autocommit mode: undefined/unknown
	Isolation level: undefined/unknown
	Minimum pool size: undefined/unknown
	Maximum pool size: undefined/unknown
2026-03-04 19:11:32 INFO  [] [main] o.h.e.t.j.p.i.JtaPlatformInitiator : HHH000489: No JTA platform available (set 'hibernate.transaction.jta.platform' to enable JTA platform integration)
2026-03-04 19:11:32 INFO  [] [main] o.s.o.j.LocalContainerEntityManagerFactoryBean : Initialized JPA EntityManagerFactory for persistence unit 'default'
2026-03-04 19:11:32 INFO  [] [main] o.s.d.j.r.query.QueryEnhancerFactory : Hibernate is in classpath; If applicable, HQL parser will be used.
2026-03-04 19:11:32 INFO  [] [main] n.d.b.g.c.a.GrpcClientAutoConfiguration : Detected grpc-netty-shaded: Creating ShadedNettyChannelFactory + InProcessChannelFactory
2026-03-04 19:11:32 WARN  [] [main] o.s.b.a.o.j.JpaBaseConfiguration$JpaWebConfiguration : spring.jpa.open-in-view is enabled by default. Therefore, database queries may be performed during view rendering. Explicitly configure spring.jpa.open-in-view to disable this warning
2026-03-04 19:11:32 INFO  [] [main] n.d.b.g.s.a.GrpcServerFactoryAutoConfiguration : Detected grpc-netty-shaded: Creating ShadedNettyGrpcServerFactory
2026-03-04 19:11:32 INFO  [] [main] o.s.b.a.e.web.EndpointLinksResolver : Exposing 2 endpoints beneath base path '/api/v1/base/actuator'
2026-03-04 19:11:32 INFO  [] [main] o.a.coyote.http11.Http11NioProtocol : Starting ProtocolHandler ["http-nio-8080"]
2026-03-04 19:11:32 INFO  [] [main] o.s.b.w.e.tomcat.TomcatWebServer : Tomcat started on port 8080 (http) with context path '/'
2026-03-04 19:11:32 INFO  [] [main] n.d.b.g.s.s.AbstractGrpcServerFactory : Registered gRPC service: BaseTestGrpcService, bean: baseGrpcController, class: com.planit.basetemplate.grpc.BaseGrpcController
2026-03-04 19:11:32 INFO  [] [main] n.d.b.g.s.s.AbstractGrpcServerFactory : Registered gRPC service: grpc.health.v1.Health, bean: grpcHealthService, class: io.grpc.protobuf.services.HealthServiceImpl
2026-03-04 19:11:32 INFO  [] [main] n.d.b.g.s.s.AbstractGrpcServerFactory : Registered gRPC service: grpc.reflection.v1alpha.ServerReflection, bean: protoReflectionService, class: io.grpc.protobuf.services.ProtoReflectionService
2026-03-04 19:11:32 INFO  [] [main] n.d.b.g.s.s.GrpcServerLifecycle : gRPC Server started, listening on address: *, port: 9091
2026-03-04 19:11:32 INFO  [] [main] com.planit.PlanitApplication : Started PlanitApplication in 2.736 seconds (process running for 2.864)
2026-03-04 19:11:38 INFO  [] [http-nio-8080-exec-2] o.a.c.c.C.[Tomcat].[localhost].[/] : Initializing Spring DispatcherServlet 'dispatcherServlet'
2026-03-04 19:11:38 INFO  [] [http-nio-8080-exec-2] o.s.web.servlet.DispatcherServlet : Initializing Servlet 'dispatcherServlet'
2026-03-04 19:11:38 INFO  [] [http-nio-8080-exec-2] o.s.web.servlet.DispatcherServlet : Completed initialization in 1 ms
2026-03-04 19:17:21 INFO  [] [SpringApplicationShutdownHook] n.d.b.g.s.s.GrpcServerLifecycle : Completed gRPC server shutdown
2026-03-04 19:17:21 INFO  [] [SpringApplicationShutdownHook] o.s.b.w.e.tomcat.GracefulShutdown : Commencing graceful shutdown. Waiting for active requests to complete
2026-03-04 19:17:21 INFO  [] [tomcat-shutdown] o.s.b.w.e.tomcat.GracefulShutdown : Graceful shutdown complete
2026-03-04 19:17:21 INFO  [] [SpringApplicationShutdownHook] o.s.o.j.LocalContainerEntityManagerFactoryBean : Closing JPA EntityManagerFactory for persistence unit 'default'
2026-03-04 19:17:21 INFO  [] [SpringApplicationShutdownHook] com.zaxxer.hikari.HikariDataSource : HikariPool-1 - Shutdown initiated...
2026-03-04 19:17:21 INFO  [] [SpringApplicationShutdownHook] com.zaxxer.hikari.HikariDataSource : HikariPool-1 - Shutdown completed.
2026-03-04 19:17:25 INFO  [] [main] com.planit.PlanitApplication : Starting PlanitApplication using Java 17.0.16 with PID 71191 (/Users/jybill01/Folder/02_Study/03_AWS_Cloud_School/03_Project/03_project/Full/PlanIt-Schedule-svc/build/classes/java/main started by jybill01 in /Users/jybill01/Folder/02_Study/03_AWS_Cloud_School/03_Project/03_project/Full/PlanIt-Schedule-svc)
2026-03-04 19:17:25 INFO  [] [main] com.planit.PlanitApplication : No active profile set, falling back to 1 default profile: "default"
2026-03-04 19:17:25 INFO  [] [main] o.s.d.r.c.RepositoryConfigurationDelegate : Bootstrapping Spring Data JPA repositories in DEFAULT mode.
2026-03-04 19:17:25 INFO  [] [main] o.s.d.r.c.RepositoryConfigurationDelegate : Finished Spring Data repository scanning in 27 ms. Found 8 JPA repository interfaces.
2026-03-04 19:17:25 INFO  [] [main] o.s.b.w.e.tomcat.TomcatWebServer : Tomcat initialized with port 8080 (http)
2026-03-04 19:17:25 INFO  [] [main] o.a.coyote.http11.Http11NioProtocol : Initializing ProtocolHandler ["http-nio-8080"]
2026-03-04 19:17:25 INFO  [] [main] o.a.catalina.core.StandardService : Starting service [Tomcat]
2026-03-04 19:17:25 INFO  [] [main] o.a.catalina.core.StandardEngine : Starting Servlet engine: [Apache Tomcat/10.1.52]
2026-03-04 19:17:25 INFO  [] [main] o.a.c.c.C.[Tomcat].[localhost].[/] : Initializing Spring embedded WebApplicationContext
2026-03-04 19:17:25 INFO  [] [main] o.s.b.w.s.c.ServletWebServerApplicationContext : Root WebApplicationContext: initialization completed in 641 ms
2026-03-04 19:17:26 INFO  [] [main] o.h.jpa.internal.util.LogHelper : HHH000204: Processing PersistenceUnitInfo [name: default]
2026-03-04 19:17:26 INFO  [] [main] org.hibernate.Version : HHH000412: Hibernate ORM core version 6.6.42.Final
2026-03-04 19:17:26 INFO  [] [main] o.h.c.i.RegionFactoryInitiator : HHH000026: Second-level cache disabled
2026-03-04 19:17:26 INFO  [] [main] o.s.o.j.p.SpringPersistenceUnitInfo : No LoadTimeWeaver setup: ignoring JPA class transformer
2026-03-04 19:17:26 INFO  [] [main] com.zaxxer.hikari.HikariDataSource : HikariPool-1 - Starting...
2026-03-04 19:17:26 INFO  [] [main] com.zaxxer.hikari.pool.HikariPool : HikariPool-1 - Added connection org.mariadb.jdbc.Connection@434a8938
2026-03-04 19:17:26 INFO  [] [main] com.zaxxer.hikari.HikariDataSource : HikariPool-1 - Start completed.
2026-03-04 19:17:26 INFO  [] [main] o.hibernate.orm.connections.pooling : HHH10001005: Database info:
	Database JDBC URL [Connecting through datasource 'HikariDataSource (HikariPool-1)']
	Database driver: undefined/unknown
	Database version: 12.2.2
	Autocommit mode: undefined/unknown
	Isolation level: undefined/unknown
	Minimum pool size: undefined/unknown
	Maximum pool size: undefined/unknown
2026-03-04 19:17:26 INFO  [] [main] o.h.e.t.j.p.i.JtaPlatformInitiator : HHH000489: No JTA platform available (set 'hibernate.transaction.jta.platform' to enable JTA platform integration)
2026-03-04 19:17:26 INFO  [] [main] o.s.o.j.LocalContainerEntityManagerFactoryBean : Initialized JPA EntityManagerFactory for persistence unit 'default'
2026-03-04 19:17:26 INFO  [] [main] o.s.d.j.r.query.QueryEnhancerFactory : Hibernate is in classpath; If applicable, HQL parser will be used.
2026-03-04 19:17:26 INFO  [] [main] n.d.b.g.c.a.GrpcClientAutoConfiguration : Detected grpc-netty-shaded: Creating ShadedNettyChannelFactory + InProcessChannelFactory
2026-03-04 19:17:26 WARN  [] [main] o.s.b.a.o.j.JpaBaseConfiguration$JpaWebConfiguration : spring.jpa.open-in-view is enabled by default. Therefore, database queries may be performed during view rendering. Explicitly configure spring.jpa.open-in-view to disable this warning
2026-03-04 19:17:27 INFO  [] [main] n.d.b.g.s.a.GrpcServerFactoryAutoConfiguration : Detected grpc-netty-shaded: Creating ShadedNettyGrpcServerFactory
2026-03-04 19:17:27 INFO  [] [main] o.s.b.a.e.web.EndpointLinksResolver : Exposing 2 endpoints beneath base path '/api/v1/base/actuator'
2026-03-04 19:17:27 INFO  [] [main] o.a.coyote.http11.Http11NioProtocol : Starting ProtocolHandler ["http-nio-8080"]
2026-03-04 19:17:27 INFO  [] [main] o.s.b.w.e.tomcat.TomcatWebServer : Tomcat started on port 8080 (http) with context path '/'
2026-03-04 19:17:27 INFO  [] [main] n.d.b.g.s.s.AbstractGrpcServerFactory : Registered gRPC service: BaseTestGrpcService, bean: baseGrpcController, class: com.planit.basetemplate.grpc.BaseGrpcController
2026-03-04 19:17:27 INFO  [] [main] n.d.b.g.s.s.AbstractGrpcServerFactory : Registered gRPC service: grpc.health.v1.Health, bean: grpcHealthService, class: io.grpc.protobuf.services.HealthServiceImpl
2026-03-04 19:17:27 INFO  [] [main] n.d.b.g.s.s.AbstractGrpcServerFactory : Registered gRPC service: grpc.reflection.v1alpha.ServerReflection, bean: protoReflectionService, class: io.grpc.protobuf.services.ProtoReflectionService
2026-03-04 19:17:27 INFO  [] [main] n.d.b.g.s.s.GrpcServerLifecycle : gRPC Server started, listening on address: *, port: 9091
2026-03-04 19:17:27 INFO  [] [main] com.planit.PlanitApplication : Started PlanitApplication in 2.401 seconds (process running for 2.524)
2026-03-04 19:17:34 INFO  [] [http-nio-8080-exec-2] o.a.c.c.C.[Tomcat].[localhost].[/] : Initializing Spring DispatcherServlet 'dispatcherServlet'
2026-03-04 19:17:34 INFO  [] [http-nio-8080-exec-2] o.s.web.servlet.DispatcherServlet : Initializing Servlet 'dispatcherServlet'
2026-03-04 19:17:34 INFO  [] [http-nio-8080-exec-2] o.s.web.servlet.DispatcherServlet : Completed initialization in 1 ms
2026-03-04 19:17:34 ERROR [69a806be1235ea30a34272908d2d5ca7] [http-nio-8080-exec-2] c.p.global.GlobalExceptionHandler : [C5001] Unhandled exception: Required request parameter 'userId' for method parameter type String is not present
org.springframework.web.bind.MissingServletRequestParameterException: Required request parameter 'userId' for method parameter type String is not present
	at org.springframework.web.method.annotation.RequestParamMethodArgumentResolver.handleMissingValueInternal(RequestParamMethodArgumentResolver.java:220)
	at org.springframework.web.method.annotation.RequestParamMethodArgumentResolver.handleMissingValue(RequestParamMethodArgumentResolver.java:196)
	at org.springframework.web.method.annotation.AbstractNamedValueMethodArgumentResolver.resolveArgument(AbstractNamedValueMethodArgumentResolver.java:125)
	at org.springframework.web.method.support.HandlerMethodArgumentResolverComposite.resolveArgument(HandlerMethodArgumentResolverComposite.java:122)
	at org.springframework.web.method.support.InvocableHandlerMethod.getMethodArgumentValues(InvocableHandlerMethod.java:227)
	at org.springframework.web.method.support.InvocableHandlerMethod.invokeForRequest(InvocableHandlerMethod.java:181)
	at org.springframework.web.servlet.mvc.method.annotation.ServletInvocableHandlerMethod.invokeAndHandle(ServletInvocableHandlerMethod.java:118)
	at org.springframework.web.servlet.mvc.method.annotation.RequestMappingHandlerAdapter.invokeHandlerMethod(RequestMappingHandlerAdapter.java:991)
	at org.springframework.web.servlet.mvc.method.annotation.RequestMappingHandlerAdapter.handleInternal(RequestMappingHandlerAdapter.java:896)
	at org.springframework.web.servlet.mvc.method.AbstractHandlerMethodAdapter.handle(AbstractHandlerMethodAdapter.java:87)
	at org.springframework.web.servlet.DispatcherServlet.doDispatch(DispatcherServlet.java:1089)
	at org.springframework.web.servlet.DispatcherServlet.doService(DispatcherServlet.java:979)
	at org.springframework.web.servlet.FrameworkServlet.processRequest(FrameworkServlet.java:1014)
	at org.springframework.web.servlet.FrameworkServlet.doPost(FrameworkServlet.java:914)
	at jakarta.servlet.http.HttpServlet.service(HttpServlet.java:590)
	at org.springframework.web.servlet.FrameworkServlet.service(FrameworkServlet.java:885)
	at jakarta.servlet.http.HttpServlet.service(HttpServlet.java:658)
	at org.apache.catalina.core.ApplicationFilterChain.internalDoFilter(ApplicationFilterChain.java:193)
	at org.apache.catalina.core.ApplicationFilterChain.doFilter(ApplicationFilterChain.java:138)
	at org.apache.tomcat.websocket.server.WsFilter.doFilter(WsFilter.java:51)
	at org.apache.catalina.core.ApplicationFilterChain.internalDoFilter(ApplicationFilterChain.java:162)
	at org.apache.catalina.core.ApplicationFilterChain.doFilter(ApplicationFilterChain.java:138)
	at org.springframework.web.filter.RequestContextFilter.doFilterInternal(RequestContextFilter.java:100)
	at org.springframework.web.filter.OncePerRequestFilter.doFilter(OncePerRequestFilter.java:116)
	at org.apache.catalina.core.ApplicationFilterChain.internalDoFilter(ApplicationFilterChain.java:162)
	at org.apache.catalina.core.ApplicationFilterChain.doFilter(ApplicationFilterChain.java:138)
	at org.springframework.web.filter.FormContentFilter.doFilterInternal(FormContentFilter.java:93)
	at org.springframework.web.filter.OncePerRequestFilter.doFilter(OncePerRequestFilter.java:116)
	at org.apache.catalina.core.ApplicationFilterChain.internalDoFilter(ApplicationFilterChain.java:162)
	at org.apache.catalina.core.ApplicationFilterChain.doFilter(ApplicationFilterChain.java:138)
	at org.springframework.web.filter.ServerHttpObservationFilter.doFilterInternal(ServerHttpObservationFilter.java:110)
	at org.springframework.web.filter.OncePerRequestFilter.doFilter(OncePerRequestFilter.java:116)
	at org.apache.catalina.core.ApplicationFilterChain.internalDoFilter(ApplicationFilterChain.java:162)
	at org.apache.catalina.core.ApplicationFilterChain.doFilter(ApplicationFilterChain.java:138)
	at org.springframework.web.filter.CharacterEncodingFilter.doFilterInternal(CharacterEncodingFilter.java:201)
	at org.springframework.web.filter.OncePerRequestFilter.doFilter(OncePerRequestFilter.java:116)
	at org.apache.catalina.core.ApplicationFilterChain.internalDoFilter(ApplicationFilterChain.java:162)
	at org.apache.catalina.core.ApplicationFilterChain.doFilter(ApplicationFilterChain.java:138)
	at org.apache.catalina.core.StandardWrapperValve.invoke(StandardWrapperValve.java:165)
	at org.apache.catalina.core.StandardContextValve.invoke(StandardContextValve.java:88)
	at org.apache.catalina.authenticator.AuthenticatorBase.invoke(AuthenticatorBase.java:492)
	at org.apache.catalina.core.StandardHostValve.invoke(StandardHostValve.java:113)
	at org.apache.catalina.valves.ErrorReportValve.invoke(ErrorReportValve.java:83)
	at org.apache.catalina.core.StandardEngineValve.invoke(StandardEngineValve.java:72)
	at org.apache.catalina.connector.CoyoteAdapter.service(CoyoteAdapter.java:342)
	at org.apache.coyote.http11.Http11Processor.service(Http11Processor.java:399)
	at org.apache.coyote.AbstractProcessorLight.process(AbstractProcessorLight.java:63)
	at org.apache.coyote.AbstractProtocol$ConnectionHandler.process(AbstractProtocol.java:903)
	at org.apache.tomcat.util.net.NioEndpoint$SocketProcessor.doRun(NioEndpoint.java:1775)
	at org.apache.tomcat.util.net.SocketProcessorBase.run(SocketProcessorBase.java:52)
	at org.apache.tomcat.util.threads.ThreadPoolExecutor.runWorker(ThreadPoolExecutor.java:973)
	at org.apache.tomcat.util.threads.ThreadPoolExecutor$Worker.run(ThreadPoolExecutor.java:491)
	at org.apache.tomcat.util.threads.TaskThread$WrappingRunnable.run(TaskThread.java:63)
	at java.base/java.lang.Thread.run(Thread.java:840)
2026-03-04 19:17:35 ERROR [69a806bfbe64c585ad094cd42ed3790b] [http-nio-8080-exec-4] c.p.global.GlobalExceptionHandler : [C5001] Unhandled exception: Required request parameter 'userId' for method parameter type String is not present
org.springframework.web.bind.MissingServletRequestParameterException: Required request parameter 'userId' for method parameter type String is not present
	at org.springframework.web.method.annotation.RequestParamMethodArgumentResolver.handleMissingValueInternal(RequestParamMethodArgumentResolver.java:220)
	at org.springframework.web.method.annotation.RequestParamMethodArgumentResolver.handleMissingValue(RequestParamMethodArgumentResolver.java:196)
	at org.springframework.web.method.annotation.AbstractNamedValueMethodArgumentResolver.resolveArgument(AbstractNamedValueMethodArgumentResolver.java:125)
	at org.springframework.web.method.support.HandlerMethodArgumentResolverComposite.resolveArgument(HandlerMethodArgumentResolverComposite.java:122)
	at org.springframework.web.method.support.InvocableHandlerMethod.getMethodArgumentValues(InvocableHandlerMethod.java:227)
	at org.springframework.web.method.support.InvocableHandlerMethod.invokeForRequest(InvocableHandlerMethod.java:181)
	at org.springframework.web.servlet.mvc.method.annotation.ServletInvocableHandlerMethod.invokeAndHandle(ServletInvocableHandlerMethod.java:118)
	at org.springframework.web.servlet.mvc.method.annotation.RequestMappingHandlerAdapter.invokeHandlerMethod(RequestMappingHandlerAdapter.java:991)
	at org.springframework.web.servlet.mvc.method.annotation.RequestMappingHandlerAdapter.handleInternal(RequestMappingHandlerAdapter.java:896)
	at org.springframework.web.servlet.mvc.method.AbstractHandlerMethodAdapter.handle(AbstractHandlerMethodAdapter.java:87)
	at org.springframework.web.servlet.DispatcherServlet.doDispatch(DispatcherServlet.java:1089)
	at org.springframework.web.servlet.DispatcherServlet.doService(DispatcherServlet.java:979)
	at org.springframework.web.servlet.FrameworkServlet.processRequest(FrameworkServlet.java:1014)
	at org.springframework.web.servlet.FrameworkServlet.doPost(FrameworkServlet.java:914)
	at jakarta.servlet.http.HttpServlet.service(HttpServlet.java:590)
	at org.springframework.web.servlet.FrameworkServlet.service(FrameworkServlet.java:885)
	at jakarta.servlet.http.HttpServlet.service(HttpServlet.java:658)
	at org.apache.catalina.core.ApplicationFilterChain.internalDoFilter(ApplicationFilterChain.java:193)
	at org.apache.catalina.core.ApplicationFilterChain.doFilter(ApplicationFilterChain.java:138)
	at org.apache.tomcat.websocket.server.WsFilter.doFilter(WsFilter.java:51)
	at org.apache.catalina.core.ApplicationFilterChain.internalDoFilter(ApplicationFilterChain.java:162)
	at org.apache.catalina.core.ApplicationFilterChain.doFilter(ApplicationFilterChain.java:138)
	at org.springframework.web.filter.RequestContextFilter.doFilterInternal(RequestContextFilter.java:100)
	at org.springframework.web.filter.OncePerRequestFilter.doFilter(OncePerRequestFilter.java:116)
	at org.apache.catalina.core.ApplicationFilterChain.internalDoFilter(ApplicationFilterChain.java:162)
	at org.apache.catalina.core.ApplicationFilterChain.doFilter(ApplicationFilterChain.java:138)
	at org.springframework.web.filter.FormContentFilter.doFilterInternal(FormContentFilter.java:93)
	at org.springframework.web.filter.OncePerRequestFilter.doFilter(OncePerRequestFilter.java:116)
	at org.apache.catalina.core.ApplicationFilterChain.internalDoFilter(ApplicationFilterChain.java:162)
	at org.apache.catalina.core.ApplicationFilterChain.doFilter(ApplicationFilterChain.java:138)
	at org.springframework.web.filter.ServerHttpObservationFilter.doFilterInternal(ServerHttpObservationFilter.java:110)
	at org.springframework.web.filter.OncePerRequestFilter.doFilter(OncePerRequestFilter.java:116)
	at org.apache.catalina.core.ApplicationFilterChain.internalDoFilter(ApplicationFilterChain.java:162)
	at org.apache.catalina.core.ApplicationFilterChain.doFilter(ApplicationFilterChain.java:138)
	at org.springframework.web.filter.CharacterEncodingFilter.doFilterInternal(CharacterEncodingFilter.java:201)
	at org.springframework.web.filter.OncePerRequestFilter.doFilter(OncePerRequestFilter.java:116)
	at org.apache.catalina.core.ApplicationFilterChain.internalDoFilter(ApplicationFilterChain.java:162)
	at org.apache.catalina.core.ApplicationFilterChain.doFilter(ApplicationFilterChain.java:138)
	at org.apache.catalina.core.StandardWrapperValve.invoke(StandardWrapperValve.java:165)
	at org.apache.catalina.core.StandardContextValve.invoke(StandardContextValve.java:88)
	at org.apache.catalina.authenticator.AuthenticatorBase.invoke(AuthenticatorBase.java:492)
	at org.apache.catalina.core.StandardHostValve.invoke(StandardHostValve.java:113)
	at org.apache.catalina.valves.ErrorReportValve.invoke(ErrorReportValve.java:83)
	at org.apache.catalina.core.StandardEngineValve.invoke(StandardEngineValve.java:72)
	at org.apache.catalina.connector.CoyoteAdapter.service(CoyoteAdapter.java:342)
	at org.apache.coyote.http11.Http11Processor.service(Http11Processor.java:399)
	at org.apache.coyote.AbstractProcessorLight.process(AbstractProcessorLight.java:63)
	at org.apache.coyote.AbstractProtocol$ConnectionHandler.process(AbstractProtocol.java:903)
	at org.apache.tomcat.util.net.NioEndpoint$SocketProcessor.doRun(NioEndpoint.java:1775)
	at org.apache.tomcat.util.net.SocketProcessorBase.run(SocketProcessorBase.java:52)
	at org.apache.tomcat.util.threads.ThreadPoolExecutor.runWorker(ThreadPoolExecutor.java:973)
	at org.apache.tomcat.util.threads.ThreadPoolExecutor$Worker.run(ThreadPoolExecutor.java:491)
	at org.apache.tomcat.util.threads.TaskThread$WrappingRunnable.run(TaskThread.java:63)
	at java.base/java.lang.Thread.run(Thread.java:840)
2026-03-04 19:17:35 ERROR [69a806bf6798e838e3c7e05ce5b68bcb] [http-nio-8080-exec-6] c.p.global.GlobalExceptionHandler : [C5001] Unhandled exception: Required request parameter 'userId' for method parameter type String is not present
org.springframework.web.bind.MissingServletRequestParameterException: Required request parameter 'userId' for method parameter type String is not present
	at org.springframework.web.method.annotation.RequestParamMethodArgumentResolver.handleMissingValueInternal(RequestParamMethodArgumentResolver.java:220)
	at org.springframework.web.method.annotation.RequestParamMethodArgumentResolver.handleMissingValue(RequestParamMethodArgumentResolver.java:196)
	at org.springframework.web.method.annotation.AbstractNamedValueMethodArgumentResolver.resolveArgument(AbstractNamedValueMethodArgumentResolver.java:125)
	at org.springframework.web.method.support.HandlerMethodArgumentResolverComposite.resolveArgument(HandlerMethodArgumentResolverComposite.java:122)
	at org.springframework.web.method.support.InvocableHandlerMethod.getMethodArgumentValues(InvocableHandlerMethod.java:227)
	at org.springframework.web.method.support.InvocableHandlerMethod.invokeForRequest(InvocableHandlerMethod.java:181)
	at org.springframework.web.servlet.mvc.method.annotation.ServletInvocableHandlerMethod.invokeAndHandle(ServletInvocableHandlerMethod.java:118)
	at org.springframework.web.servlet.mvc.method.annotation.RequestMappingHandlerAdapter.invokeHandlerMethod(RequestMappingHandlerAdapter.java:991)
	at org.springframework.web.servlet.mvc.method.annotation.RequestMappingHandlerAdapter.handleInternal(RequestMappingHandlerAdapter.java:896)
	at org.springframework.web.servlet.mvc.method.AbstractHandlerMethodAdapter.handle(AbstractHandlerMethodAdapter.java:87)
	at org.springframework.web.servlet.DispatcherServlet.doDispatch(DispatcherServlet.java:1089)
	at org.springframework.web.servlet.DispatcherServlet.doService(DispatcherServlet.java:979)
	at org.springframework.web.servlet.FrameworkServlet.processRequest(FrameworkServlet.java:1014)
	at org.springframework.web.servlet.FrameworkServlet.doPost(FrameworkServlet.java:914)
	at jakarta.servlet.http.HttpServlet.service(HttpServlet.java:590)
	at org.springframework.web.servlet.FrameworkServlet.service(FrameworkServlet.java:885)
	at jakarta.servlet.http.HttpServlet.service(HttpServlet.java:658)
	at org.apache.catalina.core.ApplicationFilterChain.internalDoFilter(ApplicationFilterChain.java:193)
	at org.apache.catalina.core.ApplicationFilterChain.doFilter(ApplicationFilterChain.java:138)
	at org.apache.tomcat.websocket.server.WsFilter.doFilter(WsFilter.java:51)
	at org.apache.catalina.core.ApplicationFilterChain.internalDoFilter(ApplicationFilterChain.java:162)
	at org.apache.catalina.core.ApplicationFilterChain.doFilter(ApplicationFilterChain.java:138)
	at org.springframework.web.filter.RequestContextFilter.doFilterInternal(RequestContextFilter.java:100)
	at org.springframework.web.filter.OncePerRequestFilter.doFilter(OncePerRequestFilter.java:116)
	at org.apache.catalina.core.ApplicationFilterChain.internalDoFilter(ApplicationFilterChain.java:162)
	at org.apache.catalina.core.ApplicationFilterChain.doFilter(ApplicationFilterChain.java:138)
	at org.springframework.web.filter.FormContentFilter.doFilterInternal(FormContentFilter.java:93)
	at org.springframework.web.filter.OncePerRequestFilter.doFilter(OncePerRequestFilter.java:116)
	at org.apache.catalina.core.ApplicationFilterChain.internalDoFilter(ApplicationFilterChain.java:162)
	at org.apache.catalina.core.ApplicationFilterChain.doFilter(ApplicationFilterChain.java:138)
	at org.springframework.web.filter.ServerHttpObservationFilter.doFilterInternal(ServerHttpObservationFilter.java:110)
	at org.springframework.web.filter.OncePerRequestFilter.doFilter(OncePerRequestFilter.java:116)
	at org.apache.catalina.core.ApplicationFilterChain.internalDoFilter(ApplicationFilterChain.java:162)
	at org.apache.catalina.core.ApplicationFilterChain.doFilter(ApplicationFilterChain.java:138)
	at org.springframework.web.filter.CharacterEncodingFilter.doFilterInternal(CharacterEncodingFilter.java:201)
	at org.springframework.web.filter.OncePerRequestFilter.doFilter(OncePerRequestFilter.java:116)
	at org.apache.catalina.core.ApplicationFilterChain.internalDoFilter(ApplicationFilterChain.java:162)
	at org.apache.catalina.core.ApplicationFilterChain.doFilter(ApplicationFilterChain.java:138)
	at org.apache.catalina.core.StandardWrapperValve.invoke(StandardWrapperValve.java:165)
	at org.apache.catalina.core.StandardContextValve.invoke(StandardContextValve.java:88)
	at org.apache.catalina.authenticator.AuthenticatorBase.invoke(AuthenticatorBase.java:492)
	at org.apache.catalina.core.StandardHostValve.invoke(StandardHostValve.java:113)
	at org.apache.catalina.valves.ErrorReportValve.invoke(ErrorReportValve.java:83)
	at org.apache.catalina.core.StandardEngineValve.invoke(StandardEngineValve.java:72)
	at org.apache.catalina.connector.CoyoteAdapter.service(CoyoteAdapter.java:342)
	at org.apache.coyote.http11.Http11Processor.service(Http11Processor.java:399)
	at org.apache.coyote.AbstractProcessorLight.process(AbstractProcessorLight.java:63)
	at org.apache.coyote.AbstractProtocol$ConnectionHandler.process(AbstractProtocol.java:903)
	at org.apache.tomcat.util.net.NioEndpoint$SocketProcessor.doRun(NioEndpoint.java:1775)
	at org.apache.tomcat.util.net.SocketProcessorBase.run(SocketProcessorBase.java:52)
	at org.apache.tomcat.util.threads.ThreadPoolExecutor.runWorker(ThreadPoolExecutor.java:973)
	at org.apache.tomcat.util.threads.ThreadPoolExecutor$Worker.run(ThreadPoolExecutor.java:491)
	at org.apache.tomcat.util.threads.TaskThread$WrappingRunnable.run(TaskThread.java:63)
	at java.base/java.lang.Thread.run(Thread.java:840)
2026-03-04 19:17:43 INFO  [] [SpringApplicationShutdownHook] n.d.b.g.s.s.GrpcServerLifecycle : Completed gRPC server shutdown
2026-03-04 19:17:43 INFO  [] [SpringApplicationShutdownHook] o.s.b.w.e.tomcat.GracefulShutdown : Commencing graceful shutdown. Waiting for active requests to complete
2026-03-04 19:17:43 INFO  [] [tomcat-shutdown] o.s.b.w.e.tomcat.GracefulShutdown : Graceful shutdown complete
2026-03-04 19:17:43 INFO  [] [SpringApplicationShutdownHook] o.s.o.j.LocalContainerEntityManagerFactoryBean : Closing JPA EntityManagerFactory for persistence unit 'default'
2026-03-04 19:17:43 INFO  [] [SpringApplicationShutdownHook] com.zaxxer.hikari.HikariDataSource : HikariPool-1 - Shutdown initiated...
2026-03-04 19:17:43 INFO  [] [SpringApplicationShutdownHook] com.zaxxer.hikari.HikariDataSource : HikariPool-1 - Shutdown completed.
2026-03-04 19:23:37 INFO  [] [main] com.planit.PlanitApplication : Starting PlanitApplication using Java 17.0.16 with PID 72877 (/Users/jybill01/Folder/02_Study/03_AWS_Cloud_School/03_Project/03_project/Full/PlanIt-Schedule-svc/build/classes/java/main started by jybill01 in /Users/jybill01/Folder/02_Study/03_AWS_Cloud_School/03_Project/03_project/Full/PlanIt-Schedule-svc)
2026-03-04 19:23:37 INFO  [] [main] com.planit.PlanitApplication : No active profile set, falling back to 1 default profile: "default"
2026-03-04 19:23:38 INFO  [] [main] o.s.d.r.c.RepositoryConfigurationDelegate : Bootstrapping Spring Data JPA repositories in DEFAULT mode.
2026-03-04 19:23:38 INFO  [] [main] o.s.d.r.c.RepositoryConfigurationDelegate : Finished Spring Data repository scanning in 27 ms. Found 8 JPA repository interfaces.
2026-03-04 19:23:38 INFO  [] [main] o.s.b.w.e.tomcat.TomcatWebServer : Tomcat initialized with port 8080 (http)
2026-03-04 19:23:38 INFO  [] [main] o.a.coyote.http11.Http11NioProtocol : Initializing ProtocolHandler ["http-nio-8080"]
2026-03-04 19:23:38 INFO  [] [main] o.a.catalina.core.StandardService : Starting service [Tomcat]
2026-03-04 19:23:38 INFO  [] [main] o.a.catalina.core.StandardEngine : Starting Servlet engine: [Apache Tomcat/10.1.52]
2026-03-04 19:23:38 INFO  [] [main] o.a.c.c.C.[Tomcat].[localhost].[/] : Initializing Spring embedded WebApplicationContext
2026-03-04 19:23:38 INFO  [] [main] o.s.b.w.s.c.ServletWebServerApplicationContext : Root WebApplicationContext: initialization completed in 641 ms
2026-03-04 19:23:38 INFO  [] [main] o.h.jpa.internal.util.LogHelper : HHH000204: Processing PersistenceUnitInfo [name: default]
2026-03-04 19:23:38 INFO  [] [main] org.hibernate.Version : HHH000412: Hibernate ORM core version 6.6.42.Final
2026-03-04 19:23:38 INFO  [] [main] o.h.c.i.RegionFactoryInitiator : HHH000026: Second-level cache disabled
2026-03-04 19:23:38 INFO  [] [main] o.s.o.j.p.SpringPersistenceUnitInfo : No LoadTimeWeaver setup: ignoring JPA class transformer
2026-03-04 19:23:38 INFO  [] [main] com.zaxxer.hikari.HikariDataSource : HikariPool-1 - Starting...
2026-03-04 19:23:38 INFO  [] [main] com.zaxxer.hikari.pool.HikariPool : HikariPool-1 - Added connection org.mariadb.jdbc.Connection@434a8938
2026-03-04 19:23:38 INFO  [] [main] com.zaxxer.hikari.HikariDataSource : HikariPool-1 - Start completed.
2026-03-04 19:23:38 INFO  [] [main] o.hibernate.orm.connections.pooling : HHH10001005: Database info:
	Database JDBC URL [Connecting through datasource 'HikariDataSource (HikariPool-1)']
	Database driver: undefined/unknown
	Database version: 12.2.2
	Autocommit mode: undefined/unknown
	Isolation level: undefined/unknown
	Minimum pool size: undefined/unknown
	Maximum pool size: undefined/unknown
2026-03-04 19:23:39 INFO  [] [main] o.h.e.t.j.p.i.JtaPlatformInitiator : HHH000489: No JTA platform available (set 'hibernate.transaction.jta.platform' to enable JTA platform integration)
2026-03-04 19:23:39 INFO  [] [main] o.s.o.j.LocalContainerEntityManagerFactoryBean : Initialized JPA EntityManagerFactory for persistence unit 'default'
2026-03-04 19:23:39 INFO  [] [main] o.s.d.j.r.query.QueryEnhancerFactory : Hibernate is in classpath; If applicable, HQL parser will be used.
2026-03-04 19:23:39 INFO  [] [main] n.d.b.g.c.a.GrpcClientAutoConfiguration : Detected grpc-netty-shaded: Creating ShadedNettyChannelFactory + InProcessChannelFactory
2026-03-04 19:23:39 WARN  [] [main] o.s.b.a.o.j.JpaBaseConfiguration$JpaWebConfiguration : spring.jpa.open-in-view is enabled by default. Therefore, database queries may be performed during view rendering. Explicitly configure spring.jpa.open-in-view to disable this warning
2026-03-04 19:23:40 INFO  [] [main] n.d.b.g.s.a.GrpcServerFactoryAutoConfiguration : Detected grpc-netty-shaded: Creating ShadedNettyGrpcServerFactory
2026-03-04 19:23:40 INFO  [] [main] o.s.b.a.e.web.EndpointLinksResolver : Exposing 2 endpoints beneath base path '/api/v1/base/actuator'
2026-03-04 19:23:40 INFO  [] [main] o.a.coyote.http11.Http11NioProtocol : Starting ProtocolHandler ["http-nio-8080"]
2026-03-04 19:23:40 INFO  [] [main] o.s.b.w.e.tomcat.TomcatWebServer : Tomcat started on port 8080 (http) with context path '/'
2026-03-04 19:23:40 INFO  [] [main] n.d.b.g.s.s.AbstractGrpcServerFactory : Registered gRPC service: BaseTestGrpcService, bean: baseGrpcController, class: com.planit.basetemplate.grpc.BaseGrpcController
2026-03-04 19:23:40 INFO  [] [main] n.d.b.g.s.s.AbstractGrpcServerFactory : Registered gRPC service: grpc.health.v1.Health, bean: grpcHealthService, class: io.grpc.protobuf.services.HealthServiceImpl
2026-03-04 19:23:40 INFO  [] [main] n.d.b.g.s.s.AbstractGrpcServerFactory : Registered gRPC service: grpc.reflection.v1alpha.ServerReflection, bean: protoReflectionService, class: io.grpc.protobuf.services.ProtoReflectionService
2026-03-04 19:23:40 INFO  [] [main] n.d.b.g.s.s.GrpcServerLifecycle : gRPC Server started, listening on address: *, port: 9091
2026-03-04 19:23:40 INFO  [] [main] com.planit.PlanitApplication : Started PlanitApplication in 2.83 seconds (process running for 2.985)
2026-03-04 19:23:41 INFO  [] [http-nio-8080-exec-2] o.a.c.c.C.[Tomcat].[localhost].[/] : Initializing Spring DispatcherServlet 'dispatcherServlet'
2026-03-04 19:23:41 INFO  [] [http-nio-8080-exec-2] o.s.web.servlet.DispatcherServlet : Initializing Servlet 'dispatcherServlet'
2026-03-04 19:23:41 INFO  [] [http-nio-8080-exec-2] o.s.web.servlet.DispatcherServlet : Completed initialization in 0 ms
2026-03-04 19:35:57 INFO  [] [SpringApplicationShutdownHook] n.d.b.g.s.s.GrpcServerLifecycle : Completed gRPC server shutdown
2026-03-04 19:35:57 INFO  [] [SpringApplicationShutdownHook] o.s.b.w.e.tomcat.GracefulShutdown : Commencing graceful shutdown. Waiting for active requests to complete
2026-03-04 19:35:57 INFO  [] [tomcat-shutdown] o.s.b.w.e.tomcat.GracefulShutdown : Graceful shutdown complete
2026-03-04 19:35:57 INFO  [] [SpringApplicationShutdownHook] o.s.o.j.LocalContainerEntityManagerFactoryBean : Closing JPA EntityManagerFactory for persistence unit 'default'
2026-03-04 19:35:58 INFO  [] [SpringApplicationShutdownHook] com.zaxxer.hikari.HikariDataSource : HikariPool-1 - Shutdown initiated...
2026-03-04 19:35:58 INFO  [] [SpringApplicationShutdownHook] com.zaxxer.hikari.HikariDataSource : HikariPool-1 - Shutdown completed.
2026-03-04 19:39:01 INFO  [] [main] com.planit.PlanitApplication : Starting PlanitApplication using Java 17.0.16 with PID 75657 (/Users/jybill01/Folder/02_Study/03_AWS_Cloud_School/03_Project/03_project/Full/PlanIt-Schedule-svc/build/classes/java/main started by jybill01 in /Users/jybill01/Folder/02_Study/03_AWS_Cloud_School/03_Project/03_project/Full/PlanIt-Schedule-svc)
2026-03-04 19:39:01 INFO  [] [main] com.planit.PlanitApplication : No active profile set, falling back to 1 default profile: "default"
2026-03-04 19:39:01 INFO  [] [main] o.s.d.r.c.RepositoryConfigurationDelegate : Bootstrapping Spring Data JPA repositories in DEFAULT mode.
2026-03-04 19:39:01 INFO  [] [main] o.s.d.r.c.RepositoryConfigurationDelegate : Finished Spring Data repository scanning in 27 ms. Found 8 JPA repository interfaces.
2026-03-04 19:39:01 INFO  [] [main] o.s.b.w.e.tomcat.TomcatWebServer : Tomcat initialized with port 8080 (http)
2026-03-04 19:39:01 INFO  [] [main] o.a.coyote.http11.Http11NioProtocol : Initializing ProtocolHandler ["http-nio-8080"]
2026-03-04 19:39:01 INFO  [] [main] o.a.catalina.core.StandardService : Starting service [Tomcat]
2026-03-04 19:39:01 INFO  [] [main] o.a.catalina.core.StandardEngine : Starting Servlet engine: [Apache Tomcat/10.1.52]
2026-03-04 19:39:01 INFO  [] [main] o.a.c.c.C.[Tomcat].[localhost].[/] : Initializing Spring embedded WebApplicationContext
2026-03-04 19:39:01 INFO  [] [main] o.s.b.w.s.c.ServletWebServerApplicationContext : Root WebApplicationContext: initialization completed in 619 ms
2026-03-04 19:39:02 INFO  [] [main] o.h.jpa.internal.util.LogHelper : HHH000204: Processing PersistenceUnitInfo [name: default]
2026-03-04 19:39:02 INFO  [] [main] org.hibernate.Version : HHH000412: Hibernate ORM core version 6.6.42.Final
2026-03-04 19:39:02 INFO  [] [main] o.h.c.i.RegionFactoryInitiator : HHH000026: Second-level cache disabled
2026-03-04 19:39:02 INFO  [] [main] o.s.o.j.p.SpringPersistenceUnitInfo : No LoadTimeWeaver setup: ignoring JPA class transformer
2026-03-04 19:39:02 INFO  [] [main] com.zaxxer.hikari.HikariDataSource : HikariPool-1 - Starting...
2026-03-04 19:39:02 INFO  [] [main] com.zaxxer.hikari.pool.HikariPool : HikariPool-1 - Added connection org.mariadb.jdbc.Connection@3883031d
2026-03-04 19:39:02 INFO  [] [main] com.zaxxer.hikari.HikariDataSource : HikariPool-1 - Start completed.
2026-03-04 19:39:02 INFO  [] [main] o.hibernate.orm.connections.pooling : HHH10001005: Database info:
	Database JDBC URL [Connecting through datasource 'HikariDataSource (HikariPool-1)']
	Database driver: undefined/unknown
	Database version: 12.2.2
	Autocommit mode: undefined/unknown
	Isolation level: undefined/unknown
	Minimum pool size: undefined/unknown
	Maximum pool size: undefined/unknown
2026-03-04 19:39:02 INFO  [] [main] o.h.e.t.j.p.i.JtaPlatformInitiator : HHH000489: No JTA platform available (set 'hibernate.transaction.jta.platform' to enable JTA platform integration)
2026-03-04 19:39:03 INFO  [] [main] o.s.o.j.LocalContainerEntityManagerFactoryBean : Initialized JPA EntityManagerFactory for persistence unit 'default'
2026-03-04 19:39:03 INFO  [] [main] o.s.d.j.r.query.QueryEnhancerFactory : Hibernate is in classpath; If applicable, HQL parser will be used.
2026-03-04 19:39:03 INFO  [] [main] n.d.b.g.c.a.GrpcClientAutoConfiguration : Detected grpc-netty-shaded: Creating ShadedNettyChannelFactory + InProcessChannelFactory
2026-03-04 19:39:03 WARN  [] [main] o.s.b.a.o.j.JpaBaseConfiguration$JpaWebConfiguration : spring.jpa.open-in-view is enabled by default. Therefore, database queries may be performed during view rendering. Explicitly configure spring.jpa.open-in-view to disable this warning
2026-03-04 19:39:03 INFO  [] [main] n.d.b.g.s.a.GrpcServerFactoryAutoConfiguration : Detected grpc-netty-shaded: Creating ShadedNettyGrpcServerFactory
2026-03-04 19:39:03 INFO  [] [main] o.s.b.a.e.web.EndpointLinksResolver : Exposing 2 endpoints beneath base path '/api/v1/base/actuator'
2026-03-04 19:39:03 INFO  [] [main] o.a.coyote.http11.Http11NioProtocol : Starting ProtocolHandler ["http-nio-8080"]
2026-03-04 19:39:03 INFO  [] [main] o.s.b.w.e.tomcat.TomcatWebServer : Tomcat started on port 8080 (http) with context path '/'
2026-03-04 19:39:03 INFO  [] [main] n.d.b.g.s.s.AbstractGrpcServerFactory : Registered gRPC service: BaseTestGrpcService, bean: baseGrpcController, class: com.planit.basetemplate.grpc.BaseGrpcController
2026-03-04 19:39:03 INFO  [] [main] n.d.b.g.s.s.AbstractGrpcServerFactory : Registered gRPC service: grpc.health.v1.Health, bean: grpcHealthService, class: io.grpc.protobuf.services.HealthServiceImpl
2026-03-04 19:39:03 INFO  [] [main] n.d.b.g.s.s.AbstractGrpcServerFactory : Registered gRPC service: grpc.reflection.v1alpha.ServerReflection, bean: protoReflectionService, class: io.grpc.protobuf.services.ProtoReflectionService
2026-03-04 19:39:04 INFO  [] [main] n.d.b.g.s.s.GrpcServerLifecycle : gRPC Server started, listening on address: *, port: 9091
2026-03-04 19:39:04 INFO  [] [main] com.planit.PlanitApplication : Started PlanitApplication in 2.989 seconds (process running for 3.148)
2026-03-04 19:39:11 INFO  [] [http-nio-8080-exec-2] o.a.c.c.C.[Tomcat].[localhost].[/] : Initializing Spring DispatcherServlet 'dispatcherServlet'
2026-03-04 19:39:11 INFO  [] [http-nio-8080-exec-2] o.s.web.servlet.DispatcherServlet : Initializing Servlet 'dispatcherServlet'
2026-03-04 19:39:11 INFO  [] [http-nio-8080-exec-2] o.s.web.servlet.DispatcherServlet : Completed initialization in 4 ms
2026-03-04 19:39:27 INFO  [] [SpringApplicationShutdownHook] n.d.b.g.s.s.GrpcServerLifecycle : Completed gRPC server shutdown
2026-03-04 19:39:27 INFO  [] [SpringApplicationShutdownHook] o.s.b.w.e.tomcat.GracefulShutdown : Commencing graceful shutdown. Waiting for active requests to complete
2026-03-04 19:39:27 INFO  [] [tomcat-shutdown] o.s.b.w.e.tomcat.GracefulShutdown : Graceful shutdown complete
2026-03-04 19:39:27 INFO  [] [SpringApplicationShutdownHook] o.s.o.j.LocalContainerEntityManagerFactoryBean : Closing JPA EntityManagerFactory for persistence unit 'default'
2026-03-04 19:39:27 INFO  [] [SpringApplicationShutdownHook] com.zaxxer.hikari.HikariDataSource : HikariPool-1 - Shutdown initiated...
2026-03-04 19:39:27 INFO  [] [SpringApplicationShutdownHook] com.zaxxer.hikari.HikariDataSource : HikariPool-1 - Shutdown completed.
2026-03-04 19:45:07 INFO  [] [main] com.planit.PlanitApplication : Starting PlanitApplication using Java 17.0.16 with PID 76499 (/Users/jybill01/Folder/02_Study/03_AWS_Cloud_School/03_Project/03_project/Full/PlanIt-Schedule-svc/build/classes/java/main started by jybill01 in /Users/jybill01/Folder/02_Study/03_AWS_Cloud_School/03_Project/03_project/Full/PlanIt-Schedule-svc)
2026-03-04 19:45:07 INFO  [] [main] com.planit.PlanitApplication : No active profile set, falling back to 1 default profile: "default"
2026-03-04 19:45:08 INFO  [] [main] o.s.d.r.c.RepositoryConfigurationDelegate : Bootstrapping Spring Data JPA repositories in DEFAULT mode.
2026-03-04 19:45:08 INFO  [] [main] o.s.d.r.c.RepositoryConfigurationDelegate : Finished Spring Data repository scanning in 28 ms. Found 8 JPA repository interfaces.
2026-03-04 19:45:08 INFO  [] [main] o.s.b.w.e.tomcat.TomcatWebServer : Tomcat initialized with port 8080 (http)
2026-03-04 19:45:08 INFO  [] [main] o.a.coyote.http11.Http11NioProtocol : Initializing ProtocolHandler ["http-nio-8080"]
2026-03-04 19:45:08 INFO  [] [main] o.a.catalina.core.StandardService : Starting service [Tomcat]
2026-03-04 19:45:08 INFO  [] [main] o.a.catalina.core.StandardEngine : Starting Servlet engine: [Apache Tomcat/10.1.52]
2026-03-04 19:45:08 INFO  [] [main] o.a.c.c.C.[Tomcat].[localhost].[/] : Initializing Spring embedded WebApplicationContext
2026-03-04 19:45:08 INFO  [] [main] o.s.b.w.s.c.ServletWebServerApplicationContext : Root WebApplicationContext: initialization completed in 1063 ms
2026-03-04 19:45:08 INFO  [] [main] o.h.jpa.internal.util.LogHelper : HHH000204: Processing PersistenceUnitInfo [name: default]
2026-03-04 19:45:08 INFO  [] [main] org.hibernate.Version : HHH000412: Hibernate ORM core version 6.6.42.Final
2026-03-04 19:45:08 INFO  [] [main] o.h.c.i.RegionFactoryInitiator : HHH000026: Second-level cache disabled
2026-03-04 19:45:08 INFO  [] [main] o.s.o.j.p.SpringPersistenceUnitInfo : No LoadTimeWeaver setup: ignoring JPA class transformer
2026-03-04 19:45:08 INFO  [] [main] com.zaxxer.hikari.HikariDataSource : HikariPool-1 - Starting...
2026-03-04 19:45:08 INFO  [] [main] com.zaxxer.hikari.pool.HikariPool : HikariPool-1 - Added connection org.mariadb.jdbc.Connection@4d8522ff
2026-03-04 19:45:08 INFO  [] [main] com.zaxxer.hikari.HikariDataSource : HikariPool-1 - Start completed.
2026-03-04 19:45:08 INFO  [] [main] o.hibernate.orm.connections.pooling : HHH10001005: Database info:
	Database JDBC URL [Connecting through datasource 'HikariDataSource (HikariPool-1)']
	Database driver: undefined/unknown
	Database version: 12.2.2
	Autocommit mode: undefined/unknown
	Isolation level: undefined/unknown
	Minimum pool size: undefined/unknown
	Maximum pool size: undefined/unknown
2026-03-04 19:45:09 INFO  [] [main] o.h.e.t.j.p.i.JtaPlatformInitiator : HHH000489: No JTA platform available (set 'hibernate.transaction.jta.platform' to enable JTA platform integration)
2026-03-04 19:45:10 INFO  [] [main] o.s.o.j.LocalContainerEntityManagerFactoryBean : Initialized JPA EntityManagerFactory for persistence unit 'default'
2026-03-04 19:45:10 INFO  [] [main] o.s.d.j.r.query.QueryEnhancerFactory : Hibernate is in classpath; If applicable, HQL parser will be used.
2026-03-04 19:45:10 INFO  [] [main] n.d.b.g.c.a.GrpcClientAutoConfiguration : Detected grpc-netty-shaded: Creating ShadedNettyChannelFactory + InProcessChannelFactory
2026-03-04 19:45:10 WARN  [] [main] o.s.b.a.o.j.JpaBaseConfiguration$JpaWebConfiguration : spring.jpa.open-in-view is enabled by default. Therefore, database queries may be performed during view rendering. Explicitly configure spring.jpa.open-in-view to disable this warning
2026-03-04 19:45:10 INFO  [] [main] n.d.b.g.s.a.GrpcServerFactoryAutoConfiguration : Detected grpc-netty-shaded: Creating ShadedNettyGrpcServerFactory
2026-03-04 19:45:10 INFO  [] [main] o.s.b.a.e.web.EndpointLinksResolver : Exposing 2 endpoints beneath base path '/api/v1/base/actuator'
2026-03-04 19:45:10 INFO  [] [main] o.a.coyote.http11.Http11NioProtocol : Starting ProtocolHandler ["http-nio-8080"]
2026-03-04 19:45:10 INFO  [] [main] o.s.b.w.e.tomcat.TomcatWebServer : Tomcat started on port 8080 (http) with context path '/'
2026-03-04 19:45:10 INFO  [] [main] n.d.b.g.s.s.AbstractGrpcServerFactory : Registered gRPC service: BaseTestGrpcService, bean: baseGrpcController, class: com.planit.basetemplate.grpc.BaseGrpcController
2026-03-04 19:45:10 INFO  [] [main] n.d.b.g.s.s.AbstractGrpcServerFactory : Registered gRPC service: grpc.health.v1.Health, bean: grpcHealthService, class: io.grpc.protobuf.services.HealthServiceImpl
2026-03-04 19:45:10 INFO  [] [main] n.d.b.g.s.s.AbstractGrpcServerFactory : Registered gRPC service: grpc.reflection.v1alpha.ServerReflection, bean: protoReflectionService, class: io.grpc.protobuf.services.ProtoReflectionService
2026-03-04 19:45:10 INFO  [] [main] n.d.b.g.s.s.GrpcServerLifecycle : gRPC Server started, listening on address: *, port: 9091
2026-03-04 19:45:10 INFO  [] [main] com.planit.PlanitApplication : Started PlanitApplication in 3.74 seconds (process running for 3.902)
2026-03-04 19:45:13 INFO  [] [http-nio-8080-exec-1] o.a.c.c.C.[Tomcat].[localhost].[/] : Initializing Spring DispatcherServlet 'dispatcherServlet'
2026-03-04 19:45:13 INFO  [] [http-nio-8080-exec-1] o.s.web.servlet.DispatcherServlet : Initializing Servlet 'dispatcherServlet'
2026-03-04 19:45:13 INFO  [] [http-nio-8080-exec-1] o.s.web.servlet.DispatcherServlet : Completed initialization in 1 ms
2026-03-04 19:49:01 ERROR [69a80e1d089144e54d396c707e8db801] [http-nio-8080-exec-8] c.p.global.GlobalExceptionHandler : [C5001] Unhandled exception: JSON parse error: Cannot construct instance of `com.planit.weekgoal.dto.CreateWeekGoalRequest` (although at least one Creator exists): no String-argument constructor/factory method to deserialize from String value ('title')
org.springframework.http.converter.HttpMessageNotReadableException: JSON parse error: Cannot construct instance of `com.planit.weekgoal.dto.CreateWeekGoalRequest` (although at least one Creator exists): no String-argument constructor/factory method to deserialize from String value ('title')
	at org.springframework.http.converter.json.AbstractJackson2HttpMessageConverter.readJavaType(AbstractJackson2HttpMessageConverter.java:408)
	at org.springframework.http.converter.json.AbstractJackson2HttpMessageConverter.read(AbstractJackson2HttpMessageConverter.java:356)
	at org.springframework.web.servlet.mvc.method.annotation.AbstractMessageConverterMethodArgumentResolver.readWithMessageConverters(AbstractMessageConverterMethodArgumentResolver.java:204)
	at org.springframework.web.servlet.mvc.method.annotation.RequestResponseBodyMethodProcessor.readWithMessageConverters(RequestResponseBodyMethodProcessor.java:176)
	at org.springframework.web.servlet.mvc.method.annotation.RequestResponseBodyMethodProcessor.resolveArgument(RequestResponseBodyMethodProcessor.java:150)
	at org.springframework.web.method.support.HandlerMethodArgumentResolverComposite.resolveArgument(HandlerMethodArgumentResolverComposite.java:122)
	at org.springframework.web.method.support.InvocableHandlerMethod.getMethodArgumentValues(InvocableHandlerMethod.java:227)
	at org.springframework.web.method.support.InvocableHandlerMethod.invokeForRequest(InvocableHandlerMethod.java:181)
	at org.springframework.web.servlet.mvc.method.annotation.ServletInvocableHandlerMethod.invokeAndHandle(ServletInvocableHandlerMethod.java:118)
	at org.springframework.web.servlet.mvc.method.annotation.RequestMappingHandlerAdapter.invokeHandlerMethod(RequestMappingHandlerAdapter.java:991)
	at org.springframework.web.servlet.mvc.method.annotation.RequestMappingHandlerAdapter.handleInternal(RequestMappingHandlerAdapter.java:896)
	at org.springframework.web.servlet.mvc.method.AbstractHandlerMethodAdapter.handle(AbstractHandlerMethodAdapter.java:87)
	at org.springframework.web.servlet.DispatcherServlet.doDispatch(DispatcherServlet.java:1089)
	at org.springframework.web.servlet.DispatcherServlet.doService(DispatcherServlet.java:979)
	at org.springframework.web.servlet.FrameworkServlet.processRequest(FrameworkServlet.java:1014)
	at org.springframework.web.servlet.FrameworkServlet.doPost(FrameworkServlet.java:914)
	at jakarta.servlet.http.HttpServlet.service(HttpServlet.java:590)
	at org.springframework.web.servlet.FrameworkServlet.service(FrameworkServlet.java:885)
	at jakarta.servlet.http.HttpServlet.service(HttpServlet.java:658)
	at org.apache.catalina.core.ApplicationFilterChain.internalDoFilter(ApplicationFilterChain.java:193)
	at org.apache.catalina.core.ApplicationFilterChain.doFilter(ApplicationFilterChain.java:138)
	at org.apache.tomcat.websocket.server.WsFilter.doFilter(WsFilter.java:51)
	at org.apache.catalina.core.ApplicationFilterChain.internalDoFilter(ApplicationFilterChain.java:162)
	at org.apache.catalina.core.ApplicationFilterChain.doFilter(ApplicationFilterChain.java:138)
	at org.springframework.web.filter.RequestContextFilter.doFilterInternal(RequestContextFilter.java:100)
	at org.springframework.web.filter.OncePerRequestFilter.doFilter(OncePerRequestFilter.java:116)
	at org.apache.catalina.core.ApplicationFilterChain.internalDoFilter(ApplicationFilterChain.java:162)
	at org.apache.catalina.core.ApplicationFilterChain.doFilter(ApplicationFilterChain.java:138)
	at org.springframework.web.filter.FormContentFilter.doFilterInternal(FormContentFilter.java:93)
	at org.springframework.web.filter.OncePerRequestFilter.doFilter(OncePerRequestFilter.java:116)
	at org.apache.catalina.core.ApplicationFilterChain.internalDoFilter(ApplicationFilterChain.java:162)
	at org.apache.catalina.core.ApplicationFilterChain.doFilter(ApplicationFilterChain.java:138)
	at org.springframework.web.filter.ServerHttpObservationFilter.doFilterInternal(ServerHttpObservationFilter.java:110)
	at org.springframework.web.filter.OncePerRequestFilter.doFilter(OncePerRequestFilter.java:116)
	at org.apache.catalina.core.ApplicationFilterChain.internalDoFilter(ApplicationFilterChain.java:162)
	at org.apache.catalina.core.ApplicationFilterChain.doFilter(ApplicationFilterChain.java:138)
	at org.springframework.web.filter.CharacterEncodingFilter.doFilterInternal(CharacterEncodingFilter.java:201)
	at org.springframework.web.filter.OncePerRequestFilter.doFilter(OncePerRequestFilter.java:116)
	at org.apache.catalina.core.ApplicationFilterChain.internalDoFilter(ApplicationFilterChain.java:162)
	at org.apache.catalina.core.ApplicationFilterChain.doFilter(ApplicationFilterChain.java:138)
	at org.apache.catalina.core.StandardWrapperValve.invoke(StandardWrapperValve.java:165)
	at org.apache.catalina.core.StandardContextValve.invoke(StandardContextValve.java:88)
	at org.apache.catalina.authenticator.AuthenticatorBase.invoke(AuthenticatorBase.java:492)
	at org.apache.catalina.core.StandardHostValve.invoke(StandardHostValve.java:113)
	at org.apache.catalina.valves.ErrorReportValve.invoke(ErrorReportValve.java:83)
	at org.apache.catalina.core.StandardEngineValve.invoke(StandardEngineValve.java:72)
	at org.apache.catalina.connector.CoyoteAdapter.service(CoyoteAdapter.java:342)
	at org.apache.coyote.http11.Http11Processor.service(Http11Processor.java:399)
	at org.apache.coyote.AbstractProcessorLight.process(AbstractProcessorLight.java:63)
	at org.apache.coyote.AbstractProtocol$ConnectionHandler.process(AbstractProtocol.java:903)
	at org.apache.tomcat.util.net.NioEndpoint$SocketProcessor.doRun(NioEndpoint.java:1775)
	at org.apache.tomcat.util.net.SocketProcessorBase.run(SocketProcessorBase.java:52)
	at org.apache.tomcat.util.threads.ThreadPoolExecutor.runWorker(ThreadPoolExecutor.java:973)
	at org.apache.tomcat.util.threads.ThreadPoolExecutor$Worker.run(ThreadPoolExecutor.java:491)
	at org.apache.tomcat.util.threads.TaskThread$WrappingRunnable.run(TaskThread.java:63)
	at java.base/java.lang.Thread.run(Thread.java:840)
Caused by: com.fasterxml.jackson.databind.exc.MismatchedInputException: Cannot construct instance of `com.planit.weekgoal.dto.CreateWeekGoalRequest` (although at least one Creator exists): no String-argument constructor/factory method to deserialize from String value ('title')
 at [Source: REDACTED (`StreamReadFeature.INCLUDE_SOURCE_IN_LOCATION` disabled); line: 1, column: 1]
	at com.fasterxml.jackson.databind.exc.MismatchedInputException.from(MismatchedInputException.java:63)
	at com.fasterxml.jackson.databind.DeserializationContext.reportInputMismatch(DeserializationContext.java:1781)
	at com.fasterxml.jackson.databind.DeserializationContext.handleMissingInstantiator(DeserializationContext.java:1406)
	at com.fasterxml.jackson.databind.deser.std.StdDeserializer._deserializeFromString(StdDeserializer.java:310)
	at com.fasterxml.jackson.databind.deser.BeanDeserializerBase.deserializeFromString(BeanDeserializerBase.java:1594)
	at com.fasterxml.jackson.databind.deser.BeanDeserializer._deserializeOther(BeanDeserializer.java:189)
	at com.fasterxml.jackson.databind.deser.BeanDeserializer.deserialize(BeanDeserializer.java:179)
	at com.fasterxml.jackson.databind.deser.DefaultDeserializationContext.readRootValue(DefaultDeserializationContext.java:342)
	at com.fasterxml.jackson.databind.ObjectReader._bindAndClose(ObjectReader.java:2130)
	at com.fasterxml.jackson.databind.ObjectReader.readValue(ObjectReader.java:1500)
	at org.springframework.http.converter.json.AbstractJackson2HttpMessageConverter.readJavaType(AbstractJackson2HttpMessageConverter.java:397)
	... 55 common frames omitted
2026-03-04 20:01:14 INFO  [] [SpringApplicationShutdownHook] n.d.b.g.s.s.GrpcServerLifecycle : Completed gRPC server shutdown
2026-03-04 20:01:14 INFO  [] [SpringApplicationShutdownHook] o.s.b.w.e.tomcat.GracefulShutdown : Commencing graceful shutdown. Waiting for active requests to complete
2026-03-04 20:01:14 INFO  [] [tomcat-shutdown] o.s.b.w.e.tomcat.GracefulShutdown : Graceful shutdown complete
2026-03-04 20:01:14 INFO  [] [SpringApplicationShutdownHook] o.s.o.j.LocalContainerEntityManagerFactoryBean : Closing JPA EntityManagerFactory for persistence unit 'default'
2026-03-04 20:01:14 INFO  [] [SpringApplicationShutdownHook] com.zaxxer.hikari.HikariDataSource : HikariPool-1 - Shutdown initiated...
2026-03-04 20:01:14 INFO  [] [SpringApplicationShutdownHook] com.zaxxer.hikari.HikariDataSource : HikariPool-1 - Shutdown completed.
2026-03-04 20:01:20 INFO  [] [main] com.planit.PlanitApplication : Starting PlanitApplication using Java 17.0.16 with PID 78614 (/Users/jybill01/Folder/02_Study/03_AWS_Cloud_School/03_Project/03_project/Full/PlanIt-Schedule-svc/build/classes/java/main started by jybill01 in /Users/jybill01/Folder/02_Study/03_AWS_Cloud_School/03_Project/03_project/Full/PlanIt-Schedule-svc)
2026-03-04 20:01:20 INFO  [] [main] com.planit.PlanitApplication : No active profile set, falling back to 1 default profile: "default"
2026-03-04 20:01:20 INFO  [] [main] o.s.d.r.c.RepositoryConfigurationDelegate : Bootstrapping Spring Data JPA repositories in DEFAULT mode.
2026-03-04 20:01:20 INFO  [] [main] o.s.d.r.c.RepositoryConfigurationDelegate : Finished Spring Data repository scanning in 26 ms. Found 8 JPA repository interfaces.
2026-03-04 20:01:20 INFO  [] [main] o.s.b.w.e.tomcat.TomcatWebServer : Tomcat initialized with port 8080 (http)
2026-03-04 20:01:20 INFO  [] [main] o.a.coyote.http11.Http11NioProtocol : Initializing ProtocolHandler ["http-nio-8080"]
2026-03-04 20:01:20 INFO  [] [main] o.a.catalina.core.StandardService : Starting service [Tomcat]
2026-03-04 20:01:20 INFO  [] [main] o.a.catalina.core.StandardEngine : Starting Servlet engine: [Apache Tomcat/10.1.52]
2026-03-04 20:01:20 INFO  [] [main] o.a.c.c.C.[Tomcat].[localhost].[/] : Initializing Spring embedded WebApplicationContext
2026-03-04 20:01:20 INFO  [] [main] o.s.b.w.s.c.ServletWebServerApplicationContext : Root WebApplicationContext: initialization completed in 735 ms
2026-03-04 20:01:20 INFO  [] [main] o.h.jpa.internal.util.LogHelper : HHH000204: Processing PersistenceUnitInfo [name: default]
2026-03-04 20:01:20 INFO  [] [main] org.hibernate.Version : HHH000412: Hibernate ORM core version 6.6.42.Final
2026-03-04 20:01:20 INFO  [] [main] o.h.c.i.RegionFactoryInitiator : HHH000026: Second-level cache disabled
2026-03-04 20:01:21 INFO  [] [main] o.s.o.j.p.SpringPersistenceUnitInfo : No LoadTimeWeaver setup: ignoring JPA class transformer
2026-03-04 20:01:21 INFO  [] [main] com.zaxxer.hikari.HikariDataSource : HikariPool-1 - Starting...
2026-03-04 20:01:21 INFO  [] [main] com.zaxxer.hikari.pool.HikariPool : HikariPool-1 - Added connection org.mariadb.jdbc.Connection@58a7a58d
2026-03-04 20:01:21 INFO  [] [main] com.zaxxer.hikari.HikariDataSource : HikariPool-1 - Start completed.
2026-03-04 20:01:21 INFO  [] [main] o.hibernate.orm.connections.pooling : HHH10001005: Database info:
	Database JDBC URL [Connecting through datasource 'HikariDataSource (HikariPool-1)']
	Database driver: undefined/unknown
	Database version: 12.2.2
	Autocommit mode: undefined/unknown
	Isolation level: undefined/unknown
	Minimum pool size: undefined/unknown
	Maximum pool size: undefined/unknown
2026-03-04 20:01:21 INFO  [] [main] o.h.e.t.j.p.i.JtaPlatformInitiator : HHH000489: No JTA platform available (set 'hibernate.transaction.jta.platform' to enable JTA platform integration)
2026-03-04 20:01:22 INFO  [] [main] o.s.o.j.LocalContainerEntityManagerFactoryBean : Initialized JPA EntityManagerFactory for persistence unit 'default'
2026-03-04 20:01:22 INFO  [] [main] o.s.d.j.r.query.QueryEnhancerFactory : Hibernate is in classpath; If applicable, HQL parser will be used.
2026-03-04 20:01:22 INFO  [] [main] n.d.b.g.c.a.GrpcClientAutoConfiguration : Detected grpc-netty-shaded: Creating ShadedNettyChannelFactory + InProcessChannelFactory
2026-03-04 20:01:23 WARN  [] [main] o.s.b.a.o.j.JpaBaseConfiguration$JpaWebConfiguration : spring.jpa.open-in-view is enabled by default. Therefore, database queries may be performed during view rendering. Explicitly configure spring.jpa.open-in-view to disable this warning
2026-03-04 20:01:23 INFO  [] [main] n.d.b.g.s.a.GrpcServerFactoryAutoConfiguration : Detected grpc-netty-shaded: Creating ShadedNettyGrpcServerFactory
2026-03-04 20:01:23 INFO  [] [main] o.s.b.a.e.web.EndpointLinksResolver : Exposing 2 endpoints beneath base path '/api/v1/base/actuator'
2026-03-04 20:01:23 INFO  [] [main] o.a.coyote.http11.Http11NioProtocol : Starting ProtocolHandler ["http-nio-8080"]
2026-03-04 20:01:23 INFO  [] [main] o.s.b.w.e.tomcat.TomcatWebServer : Tomcat started on port 8080 (http) with context path '/'
2026-03-04 20:01:23 INFO  [] [main] n.d.b.g.s.s.AbstractGrpcServerFactory : Registered gRPC service: BaseTestGrpcService, bean: baseGrpcController, class: com.planit.basetemplate.grpc.BaseGrpcController
2026-03-04 20:01:23 INFO  [] [main] n.d.b.g.s.s.AbstractGrpcServerFactory : Registered gRPC service: grpc.health.v1.Health, bean: grpcHealthService, class: io.grpc.protobuf.services.HealthServiceImpl
2026-03-04 20:01:23 INFO  [] [main] n.d.b.g.s.s.AbstractGrpcServerFactory : Registered gRPC service: grpc.reflection.v1alpha.ServerReflection, bean: protoReflectionService, class: io.grpc.protobuf.services.ProtoReflectionService
2026-03-04 20:01:23 INFO  [] [main] n.d.b.g.s.s.GrpcServerLifecycle : gRPC Server started, listening on address: *, port: 9091
2026-03-04 20:01:23 INFO  [] [main] com.planit.PlanitApplication : Started PlanitApplication in 3.569 seconds (process running for 3.716)
2026-03-04 20:01:24 INFO  [] [http-nio-8080-exec-2] o.a.c.c.C.[Tomcat].[localhost].[/] : Initializing Spring DispatcherServlet 'dispatcherServlet'
2026-03-04 20:01:24 INFO  [] [http-nio-8080-exec-2] o.s.web.servlet.DispatcherServlet : Initializing Servlet 'dispatcherServlet'
2026-03-04 20:01:24 INFO  [] [http-nio-8080-exec-2] o.s.web.servlet.DispatcherServlet : Completed initialization in 1 ms
2026-03-04 20:10:09 WARN  [] [HikariPool-1:housekeeper] com.zaxxer.hikari.pool.HikariPool : HikariPool-1 - Thread starvation or clock leap detected (housekeeper delta=46s945ms).
2026-03-04 20:11:02 WARN  [] [HikariPool-1:housekeeper] com.zaxxer.hikari.pool.HikariPool : HikariPool-1 - Thread starvation or clock leap detected (housekeeper delta=52s839ms).
2026-03-04 20:16:08 WARN  [] [HikariPool-1:housekeeper] com.zaxxer.hikari.pool.HikariPool : HikariPool-1 - Thread starvation or clock leap detected (housekeeper delta=4m36s102ms).
2026-03-04 20:16:58 WARN  [] [HikariPool-1:housekeeper] com.zaxxer.hikari.pool.HikariPool : HikariPool-1 - Thread starvation or clock leap detected (housekeeper delta=49s943ms).
2026-03-04 20:18:20 WARN  [] [HikariPool-1:housekeeper] com.zaxxer.hikari.pool.HikariPool : HikariPool-1 - Thread starvation or clock leap detected (housekeeper delta=52s801ms).
2026-03-04 20:19:06 WARN  [] [HikariPool-1:housekeeper] com.zaxxer.hikari.pool.HikariPool : HikariPool-1 - Thread starvation or clock leap detected (housekeeper delta=45s484ms).
2026-03-04 20:22:02 WARN  [] [HikariPool-1:housekeeper] com.zaxxer.hikari.pool.HikariPool : HikariPool-1 - Thread starvation or clock leap detected (housekeeper delta=50s837ms).
2026-03-04 20:23:24 WARN  [] [HikariPool-1:housekeeper] com.zaxxer.hikari.pool.HikariPool : HikariPool-1 - Thread starvation or clock leap detected (housekeeper delta=52s618ms).
2026-03-04 20:24:17 WARN  [] [HikariPool-1:housekeeper] com.zaxxer.hikari.pool.HikariPool : HikariPool-1 - Thread starvation or clock leap detected (housekeeper delta=52s782ms).
2026-03-04 20:25:40 WARN  [] [HikariPool-1:housekeeper] com.zaxxer.hikari.pool.HikariPool : HikariPool-1 - Thread starvation or clock leap detected (housekeeper delta=52s797ms).
2026-03-04 21:44:49 WARN  [] [HikariPool-1:housekeeper] com.zaxxer.hikari.pool.HikariPool : HikariPool-1 - Thread starvation or clock leap detected (housekeeper delta=16m29s980ms).
2026-03-04 21:46:15 WARN  [] [HikariPool-1:housekeeper] com.zaxxer.hikari.pool.HikariPool : HikariPool-1 - Thread starvation or clock leap detected (housekeeper delta=55s946ms).
2026-03-04 21:47:38 WARN  [] [HikariPool-1:housekeeper] com.zaxxer.hikari.pool.HikariPool : HikariPool-1 - Thread starvation or clock leap detected (housekeeper delta=53s90ms).
2026-03-04 22:04:30 WARN  [] [HikariPool-1:housekeeper] com.zaxxer.hikari.pool.HikariPool : HikariPool-1 - Thread starvation or clock leap detected (housekeeper delta=15m52s486ms).
2026-03-04 22:07:47 WARN  [] [HikariPool-1:housekeeper] com.zaxxer.hikari.pool.HikariPool : HikariPool-1 - Thread starvation or clock leap detected (housekeeper delta=46s819ms).
